Nama;Address;Type;Class;District;Province;Hospital
RSU Bakti Timah;Jl. Bukit Baru No.1,Pangkal Pinang;A;C;Bangka;Bangka Belitung;rs
RSUD Kab.Bangka Tengah;Jl. By Pass Koba,bangka Tengah;A;D;Bangka Tengah;Bangka Belitung;rs
RSUD Sejiran Setason;Jl. Kadur Dalam Muntok Bangka Barat;A;D;Bangka Barat;Bangka Belitung;rs
RSU Sungai Liat;Jl. Jend Sudirman 195,Sungailiat;A;C;Bangka;Bangka Belitung;rs
RS Jiwa Sungai Liat;Jl. Jend Sudirman,Sungai Liat;B;B;Bangka;Bangka Belitung;rs
RSUD Kabupaten Belitung;Jl. Melati Tajung Pandan,Kab.Belitung;A;C;Belitung;Bangka Belitung;rs
RSUD Toboali Kab.Bangka Selatan;Jl. Raya Gadung Toboali;A;D;Bangka Selatan;Bangka Belitung;rs
RSUD Kab.Belitung Timur;Jl. Raya Gantung Ds. Padang Belitung Timur;A;D;Belitung Timur;Bangka Belitung;rs
RSUD Depati Hamzah;Jl. Soekarno Hatta,Pk Pinang;A;C;Pangkal Pinang;Bangka Belitung;rs
RSUP Persahabatan;Jl. Raya Persahabatan,Jaktim;A;B;Kota Jakarta Timur;DKI Jakarta;rs
RS Manuela;Jl. Mangga Besar VIII/23 Jakbar;A;C;Kota Jakarta Barat;DKI Jakarta;rs
RSUP Fatmawati;Jl. RS Fatmawati Cilandak,Jaksel;A;A;Kota Jakarta Selatan;DKI Jakarta;rs
RSUD Budhi Asih;Jl. Dewi Sartika, Cawang III/ 200,Jakarta Timur;A;B;Kota Jakarta Timur;DKI Jakarta;rs
RS Kramat 128;Jl. Kramat Raya No.128,Jakpus;A;C;Jakarta Pusat;DKI Jakarta;rs
RS Sumber Waras;Jl. Kiyai Tapa Grogol Jakbar;A;b;Kota Jakarta Barat;DKI Jakarta;rs
RS Mitra Keluarga Kelapa Gading;Jl. Bukit Gading Raya Kav.2;A;B;Kota Jakarta Utara;DKI Jakarta;rs
Rumkit Tk II M.Ridwan Meuraksa;Jl. Kramat Raya No.174, Jakarta Pusat;A;2;Kota Jakarta Pusat;DKI Jakarta;rs
RS Mata Jkt Eye Centre;Jl. Teuku Cik Ditiro 46 Jakpus;D;B Uta;Kota Jakarta Pusat;DKI Jakarta;rs
RS MMC;Jl. H R. Rasuna Said No.21,Jaksel;A;A;Kota Jakarta Selatan;DKI Jakarta;rs
RSU Dr. Cipto Mangunkusumo (RSCM);Jl. Diponegoro 71 Jakarta Pusat;A;A;Jakarta Pusat;DKI Jakarta;rs
RSIA Evasari;Jl. Rawamangun No. 47 Jakpus;RSK Ibu & Anak;Khusu;Kota Jakarta Selatan;DKI Jakarta;rs
RS Mitra Kemayoran;Jl. Landas Pacu Timur Kemayoran;A;B;Kota Jakarta Utara;DKI Jakarta;rs
RSB Yayasan Restu;Jl. Raya Bogor Jakarta Timur;Ibu dan Anak;C;Jakarta Timur;DKI Jakarta;rs
RS Omni Medical Center;Jl. Pulomas Barat VI/20,Jaktim;A;B;Jakarta Timur;DKI Jakarta;rs
RS Medika Griya;Jl. Danau Sunter Utara Jakut;A;C;Jakarta Utara;DKI Jakarta;rs
RS Islam Jakarta Timur;Jl. Raya Pondok Kopi Jakarta Timur;A;c;Jakarta Timur;DKI Jakarta;rs
RS Siloam Graha Medika;Jl. Perjuangan Raya Kav.8 Jakarta Barat;A;B;Jakarta Barat;DKI Jakarta;rs
RS Sukmul;Jl. Tawes No.18-20 Jakarta Utara;A;C;Jakarta Utara;DKI Jakarta;rs
RS Sint Carolus;Jl. Salemba Raya No.41 Jakarta Pusat;A;B;Jakarta Pusat;DKI Jakarta;rs
RS Islam Jakarta Cempaka Putih;Jl. Cempaka Putih Tengah I Jakarta Pusat;A;B;Jakarta Pusat;DKI Jakarta;rs
RS Keluarga Afi;Jl. Kalipasir No.9 Jakarta Pusat;A;D;Jakarta Pusat;DKI Jakarta;rs
RSUD Koja;Jl. Deli No.4 Tanjung Priok,Jakut;A;B;Jakarta Utara;DKI Jakarta;rs
RS Mitra Internasional;Jl. Jatinegara Timur No.85A-87,Jaktim;A;B;Jakarta Timur;DKI Jakarta;rs
RS Harapan Bunda;Jl. Raya Bogor Km.22 No.44 Jaktim;A;C;Jakarta Timur;DKI Jakarta;rs
RSJ Dr Soeharto Heerjan Jakarta;Jl. Prof.Dr.Latumeten No. 1 Jakbar;B;A;Jakarta Barat;DKI Jakarta;rs
RS Jantung & Pembuluh Darah H K;Jl. S. Parman Kav 87 Jakbar;L;A;Jakarta Barat;DKI Jakarta;rs
RSUD Cengkareng;Dra. Khafifah Any,Apt,MARS;A;B;PemPro DKI Jakarta;DKI Jakarta;rs
RS AL Cilandak;Jl. Raya Cilandak,Jaksel;A;3;Jakarta Selatan;DKI Jakarta;rs
RS Pusdikkes;Jl. Raya Bogor,Jakarta Timur;A;4;Jakarta Timur;DKI Jakarta;rs
RS Halim Perdana Kusuma;Jl. Merpati No. 2 Halim Perdana Kusuma, Jakarta;A;2;Jakarta Timur;DKI Jakarta;rs
RS Kepolisian Pusat;Kramat Jati,Jakarta Timur;A;2;Jakarta Timur;DKI Jakarta;rs
Rumkit Tk IV Cijantung;Jl. Mahoni Pasar Rebo,Jaktim;A;4;Jakarta Timur;DKI Jakarta;rs
RSU Pasar Rebo;Jl. TB Simatupang No.30,Jaktim;A;B;Jakarta Timur;DKI Jakarta;rs
RSIA Hermina;Jl. Jatinegara Barat 126,Jaktim;O;B;Jakarta Timur;DKI Jakarta;rs
RS Yadika;Jl. P.Revolusi No.47 Pondok Bambu Jaktim;A;C;Jakarta Timur;DKI Jakarta;rs
RSU Haji Jakarta;Jl. Raya Pondok Gede Jaktim;A;C;Jakarta Timur;DKI Jakarta;rs
RS Jiwa Duren Sawit;Jl. Duren Sawit Baru Jakarta Timur;B;A;Jakarta Timur;DKI Jakarta;rs
RS PAD Gatot Soebroto;Jl. Dr A Rahman Saleh No. 24 Jakarta Pusat;A;1;Jakarta Pusat;DKI Jakarta;rs
RS AL Dr Mintoharjo;Jl. Bendungan Hilir 17 Jakpus;A;2;Jakarta Pusat;DKI Jakarta;rs
RSU Tarakan;Jl. Kyai Caringin Jakarta Pusat;A;B;Jakarta Pusat;DKI Jakarta;rs
RS Jiwa Mita Menteng Abadi;Jl. Kalipasir No.9 Jakarta Pusat;B;D;Jakarta Pusat;DKI Jakarta;rs
RSGM FKG Univ.Indonesia;Jl. Salemba Raya No. 4 Jakpus;T;A;Jakarta Pusat;DKI Jakarta;rs
RSIA Family;Jl. Pluit Mas I Blok A Jakut;O;C;Jakarta Utara;DKI Jakarta;rs
RS Mulyasari;Jl. Raya Plumpung Semper No.19 RT.006/RW.015, Jakarta Utara;A;0;JAKARTA UTARA;DKI Jakarta;rs
RSU Amlapura;Jl. Ngurah Rai - Amlapura;A;C;Karang Asem;Bali;rs
RS Karya Dharma Husada;Jl. Yudistra No. 7 Singaraja;A;C;Buleleng;Bali;rs
RSUD Wangaya;Jl. Kartini No.133 Denpasar;A;B;Kota Denpasar;Bali;rs
RSUD Kab. Buleleng;Jl. Ngurah Rai 30 Singaraja;A;B;Buleleng;Bali;rs
RSU Surya Husadha;Jl. Pulau Serangan No.7, Denpasar;A;C;Denpasar;Bali;rs
RSU Dr GelGel;Jl. Mawar No. 76 Tabanan;A;D;Tabanan;Bali;rs
RSU Negara;Jl. Wijaya Kusuma 17 Negara;A;C;Jembrana;Bali;rs
RSUD Sanjiwani Gianyar;Jl. Ciung Wenara No.2 Gianyar;A;B;Gianyar;Bali;rs
RSUD Badung;Jl. Raya Kapal Mengwi, Badung;A;D;Badung;Bali;rs
RSU Tabanan;Jl. Pahlawan No. 14 Tabanan;A;B;Tabanan;Bali;rs
RSU. Dharma Yadnya;Jl. WR.Supratman 256,Denpasar;A;D;Denpasar;Bali;rs
RSU Premagana;Jl. Hyang Sangsi No.2 Komp.Perumahan Chandra Ayu Br. Tubuh,Batubulan,Sukawati - More ...;A;-;-;Bali;rs
RSU Klungkung;Jl. Flamboyan No. 40 Klungkung;A;C;Klungkung;Bali;rs
RSU Bangli;Jl. Kusuma Yudha No. 27 Bangli;A;C;Bangli;Bali;rs
RS Jiwa Bangli;Jl. Kusuma Yudha No. 29 Bangli;B;A;Bangli;Bali;rs
Rumkit Tk.IV Singaraja;Jl. Ngurah Rai No. 70 Singaraja;A;4;Buleleng;Bali;rs
RSUP Sanglah Denpasar;Jl. Diponegoro Denpasar;A;A;Denpasar;Bali;rs
Rumkit Tk.III Udayana Denpasar;Jl. P.B Sudirman No.1 Denpasar;A;3;Denpasar;Bali;rs
RS Paru Dr. H.A. Rotinsulu Bandung;Jl. Bukit Jarian No. 40 Bandung;F;A;Kota Bandung;Jawa Barat;rs
RS Jiwa Hurip Waluya;Jl. Karang Tineung No.1A Bandung;B;C;Kota Bandung;Jawa Barat;rs
RS PKU Muhammadiyah;Jl. Raya Kedu Km.2,Temanggung;A;C;Temanggung;Jawa Tengah;rs
RSUD Kab. Batang;Jl. Dr Sutomo No. 42,Batang;A;C;Batang;Jawa Tengah;rs
RSUD Kajen Kab.Pekalongan;Jl. Raya Karangsari Karanganyar;A;C;Pekalongan;Jawa Tengah;rs
RSUD Bendan Kota Pekalongan;Jl. Sriwijaya No.2,Pekalongan;A;D;Pekalongan;Jawa Tengah;rs
RSU Brebes;Jl. Jend.Sudirman No.181,Brebes;A;C;Brebes;Jawa Tengah;rs
RS SELARAS;Jl. Raya Lapan Rumpin Suradita;A;D;Tangerang;Banten;rs
RSIA Tiara;Jl. Raya serang KM 14.5 No.1;C;-;Tangerang;Banten;rs
RS Islam Sari Asih Ar-rahmah;Jl. K.S Tubun No.44 Koang Jaya;A;D;Kota Tangerang;Banten;rs
RS Mayapada;Jl. Honoris Raya Kav.6 Tangerang;A;C+;Kota Tangerang;Banten;rs
RS Q a d r;Komp Islamic Village Curug Tangerang;A;C;Tangerang;Banten;rs
RSIA An-Nisa Tangerang;Jl. Gatot Subroto 96 Tangerang;O;C;Kota Tangerang;Banten;rs
RSB Sayang Ibu Balikpapan;Jl. Wain No.33,Kebun Sayur,Balikpapan;C;B;Balikpapan;Kalimantan Timur;rs
RSUD H A Wahab Sjahranie;Jl. Dr. Soetomo, Samarinda;A;B;Samarinda;Kalimantan Timur;rs
RS Dim 0901 Samarinda;Jl. Jen Sudirman Samarinda;A;4;Samarinda;Kalimantan Timur;rs
RSUD Inche Abdoel Moeis;Jl. A.M.Rifaddin Kel,Harapan Baru Samarinda Seberang;A;C;Samarinda;Kalimantan Timur;rs
RSAL Ilyas Tarakan;Jl. Jen Sudirman Tarakan;A;3;Tarakan;Kalimantan Timur;rs
RSU Kab. Karimun;Jl. Soekarno - Hatta, Tg Balai Karimun;A;C;Karimun;Kepulauan Riau;rs
RS Jiwa Makassar;Jl. L Pasewang No. 34 Makassar;B;A;Makassar;Sulawesi Selatan;rs
RS Jiwa Dr. Radjiman Wediodiningrat;Jl. Jen. A.Yani Lawang;RS Khusus;A;Malang;Jawa Timur;rs
RSUD Dr Soegiri Lamongan;Jl. Kusumabangsa 7 Lamongan;A;B;Lamongan;Jawa Timur;rs
RSU Dr. Saiful Anwar;Jl. Jaksa Agung Suprapto No.2 Malang;A;A;Kota Malang;Jawa Timur;rs
RSU Dr. R. Soetrasno Rembang;Jl. Pahlawan No.16,Rembang;A;C;Rembang;Jawa Tengah;rs
RSU Tidar;Jl. Tidar No.30 A, Magelang;A;B;Kota Magelang;Jawa Tengah;rs
RS St. Elisabeth Semarang;Jl. Kawi No.1,Semarang;A;B;Kota Semarang;Jawa Tengah;rs
RSB Permata Bunda;Jl. Hayam Wuruk No. 24,Grobogan;C;C;Grobogan;Jawa Tengah;rs
RSB Gunung Sawo II;Jl. Gatot Subroto Manding Temanggung;C;C;Temanggung;Jawa Tengah;rs
Rumkit Tk III Wijayakusuma;Jl. Prof.Dr. HR Bunyamin Purwokerto;A;3;Banyumas;Jawa Tengah;rs
RS. Maguan Husada;Jl. Raya Praci-gribelah Km.6 Suci, Pracimantoro;A;D;Wonogiri;Jawa Tengah;rs
RSK Bedah Diponegoro;Jl. Diponegoro No.21,Klaten;K;B;Klaten;Jawa Tengah;rs
RSUD Tugurejo Semarang;Jl. Raya Tugurejo,Semarang;A;B;Kota Semarang;Jawa Tengah;rs
RSU Roemani;Jl. Wonodri 2 No. 22,Semarang;A;C;Kota Semarang;Jawa Tengah;rs
RS Islam Klaten;Jl. Raya Klaten Solo KM 4,Klaten;A;B;Klaten;Jawa Tengah;rs
RSIA Sarila Husada;Jl. Veteran No. 41-43,Sragen;RS Ibu&Anak;Khusu;Sragen;Jawa Tengah;rs
RS Dr.Oen;Jl. Brigjend Katamso 55,Surakarta;A;B;Kota Surakarta;Jawa Tengah;rs
RSU Pambalah Batung;Jl. Basuki Rahmat No. 1 Amuntai;A;C;Hulu Sungai Utara;Kalimantan Selatan;rs
RSUD Kotabaru;Jl. H Hasan Basri No.57, Kotabaru;A;C;Kotabaru;Kalimantan Selatan;rs
RSUD Ratu Zalecha;Jl. A Yani Km 00100 Martapura;A;C;Banjar;Kalimantan Selatan;rs
RSU Datu Sanggul Rantau;Jl. Brigjen H Basri Rantau;A;C;Tapin;Kalimantan Selatan;rs
RSU Brigjen H Hasan Basry;Jl. Jend Sudirman Kandangan;A;C;Hulu Sungai Selatan;Kalimantan Selatan;rs
RS Rem 101 Kandangan;Jl. Gambah Dalam Kandangan;A;4;Hulu Sungai Selatan;Kalimantan Selatan;rs
RSUD H Damanhuri Barabai;Jl. Murakata No. 4 Barabai;A;C;Hulu Sungai Tengah;Kalimantan Selatan;rs
RSUD H. Badaruddin/Tanjung;Jl. J A Suprapto Tanjung;A;C;Tabalong;Kalimantan Selatan;rs
RSUD Amanah Husada;Jl. Batulicin - Serongga Km.3.5 kec.Simpang Empat Kab.Tanah Bumbu;A;D;Tanah Bumbu;Kalimantan Selatan;rs
RSUD Ulin Banjarmasin;Jl. Jen A Yani No.43, Banjarmasin;A;B;Banjarmasin;Kalimantan Selatan;rs
Rumkit Tk.III Dr. R.Soeharsono.;Jl. M.Soetoyo S 408 Banjarmasin;A;3;Banjarmasin;Kalimantan Selatan;rs
RSUD Dr.H.Moch.Ansari Saleh;Jl. Brig Jend H Hasan Basry No.1,Banjarmasin;A;B;Banjarmasin;Kalimantan Selatan;rs
RS TNI-Au Tk.IV Syamsudin Noor;Jl. Hercules No. 17 Banjarmasin;A;4;Banjarmasin;Kalimantan Selatan;rs
Rumkit Bhayangkara Banjarmasin;Jl. A. Yani Km.3,5 Banjarmasin;A;4;Banjarmasin;Kalimantan Selatan;rs
RSUD Banjarbaru;Jl. Palang Merah 2 Banjarbaru;A;C;Kota Banjar Baru;Kalimantan Selatan;rs
RSIA Fatima Ketapang;Jl. Jend Sudirman No.27, Ketapang;O;D;Ketapang;Kalimantan Barat;rs
RSUD Kab.Sekadau;Sekadau,Kalbar;A;D;Sekadau;Kalimantan Barat;rs
RSUD Melawi;Jl. Rawat Inap Nanga Pinoh,Kab.Melawi-Kalbar;A;D;Melawi;Kalimantan Barat;rs
RS Dam XII Ponianak;Jl. Jen Sudirman No. 1 Pontianak;A;3;Kota Pontianak;Kalimantan Barat;rs
RS Jiwa Pontianak;Jl. Ali Anyang No. 1 Pontianak;B;A;Kota Pontianak;Kalimantan Barat;rs
RSI Yarsi Pontianak;Jl. Tanjung Raya II Pontianak;A;C;Kota Pontianak;Kalimantan Barat;rs
Rumkit Lanud Supadio;Jl. Raya Kuala Dua, Pontianak;A;4;Kota Pontianak;Kalimantan Barat;rs
RS Bethesda Serukam;Serukam Samalantan Bengkayang, Sambas;A;C;Sambas;Kalimantan Barat;rs
RSU Ade Moehamad Djoen Sintang;Jl. Patimura Sintang;A;C;Sintang;Kalimantan Barat;rs
Rumkit TK.IV Singkawang;Jl. Perwira No.W 15 Singkawang;RS TNI;D;Sambas;Kalimantan Barat;rs
RSUD Dr Achmad Diponegoro;Jl. Yos Sudarso 42 Puttussibau;A;C;Kapuas Hulu;Kalimantan Barat;rs
RS Bersalin Jeumpa;-;RSB;D;Pontianak;Kalimantan Barat;rs
RSU Dr Sudarso PTK;Jl. Adisucipto Pontianak;A;B;Kota Pontianak;Kalimantan Barat;rs
RSU St.Antonius;Jl. KHW. Hasyim No.249, Pontianak;A;B;Kota Pontianak;Kalimantan Barat;rs
Rumkit Bhayangkara Pontianak;Jl. K.S. Tubun 14, Pontianak;A;4;Pontianak;Kalimantan Barat;rs
RSUD Dr Abdul Aziz;Jl. Dr Sotomo No. 28, Singkawang;A;B;Sambas;Kalimantan Barat;rs
RSU Sambas;Jl. Gusti Hamzah No. 87 Sambas;A;C;Sambas;Kalimantan Barat;rs
RS Jiwa Singkawang;Jl. Raya Singkawang Singkawang;B;B;Sambas;Kalimantan Barat;rs
RS PTPN XIII D Salak;Danau Salak Martapura Kalsel;A;D;Banjar;Kalimantan Selatan;rs
RSIA Anugerah Medical Center;Jl. Kunang 15 Kauman, Metro;RSIA;C;Lampung Barat;Lampung;rs
RS Jiwa Bandar Lampung;Jl. Raya Gd.Tataan,Bandar Lampung;B;B;Kota Bandar Lampung;Lampung;rs
RSU Bumi Waras;Jl. W. Monginsidi No.235,Bandar Lampung;A;Madya;Kota Bandar Lampung;Lampung;rs
RSU Liwa;Jl. Teuku Umar 3,Lampung Barat;A;C;Lampung Barat;Lampung;rs
RSU Dr H Abdul Moeloek;Jl. Dr. Rivai 6,Penengahan B.Lampung;A;B;Lampung Barat;Lampung;rs
RS Kusta Dr. Rivai Abdullah;Jl. Dr. Rivai Abdullah - Mariana Banyuasin I;G;B;Lampung;Sumatera Selatan;rs
RSUD Dr. Muhammad Zein Painan;Jl. Dr A Rivai Painan;A;C;Pesisir Selatan;Sumatera Barat;rs
RSU Pringsewu;Jl. Kesehatan No.1360,Pringsewu;A;C;Lampung Selatan;Lampung;rs
RSUD Sukadana;Jl. Adnan Sanjaya,Lintas Timur,Sukadana,Lamp.Timur;A;C;Lampung Timur;Lampung;rs
RSU May Jen HM Ryacudu;Jl. Jen.Sudirman No.2,Kotabumi;A;C;Lampung Utara;Lampung;rs
RSUD Zainal Abidin Pagar Alam;Jl. Raya Lintas Sumatera,Blambangan Umpu;A;C;Way Kanan;Lampung;rs
RSUD Menggala Tulang Bawang;Menggala,Kab.Tulang Bawang;A;D;Tulang Bawang;Lampung;rs
Rumkit Tk IV Bandara Lampung;Jl. Dr. A.Rivai No.7, Bandar Lampung;A;4;Bandar Lampung;Lampung;rs
Rumkit Bhayangkara Lampung;Jl. Pramuka No.88 Rajabasa Bandar Lampung;A;4;Bandar Lampung;Lampung;rs
RSUD Ahmad Yani,Metro;Jl. Jend.A.Yani No.13,Metro;A;B;Metro;Lampung;rs
RSUD Demang Sepulau Raya;Jl. Raya Lintas Sumatera Kampung Terbanggi Agung Kec.Gunung Sugih Kab.Lampung T More ...;A;C;Lampung Tengah;Lampung;rs
RSUD Dabo;Jl. Kesehatan No.1, Dabo Singkep;A;D;Lingga;Kepulauan Riau;rs
RSUD Natuna;Jl. H.Ali Murtopo,Natuna;A;C;Natuna;Kepulauan Riau;rs
RS AL Dr Midiyato S;Jl. Ciptadi No.1,Tanjung Pinang;A;3;Tanjung Pinang;Kepulauan Riau;rs
RS Lanu Ranai;Natuna Kab.Kepulauan Riau;A;4;Tanjung Pinang;Kepulauan Riau;rs
RSU Daerah Kota Batam;Jl. Bringjen Katamso;A;C;Tanjung Pinang;Kepulauan Riau;rs
RSIA Panti Secanti;Jl. Raya Gisting,Tanggamus;Swasta;Umum;Tanggamus;Lampung;rs
RSUD Kalianda;Jl. Lettu Rohani 14 B,Kalianda;A;C;Lampung Selatan;Lampung;rs
RSU Kolaka;Jl. W R Supratman No. 20 Kolaka;A;C;Kolaka;Sulawesi Tenggara;rs
RS Antam Nikel Pomalaa;Jl. R.Suprapto Pomalaa Kab.Kolaka;A;BUMN;Kolaka;Sulawesi Tenggara;rs
RSU Bau Bau;Jl. Jend Sudirman 20 Bau Bau;A;C;Buton;Sulawesi Tenggara;rs
RSU Propinsi Kendari;Jl. Dr Ratulangi No. 151 Kendari;A;B;Kota Kendari;Sulawesi Tenggara;rs
Rumkit Tk.IV Dr. R Ismoyo Kendari;Jl. Laute no 1 Kendari Sul-ut;A;4;Kota Kendari;Sulawesi Tenggara;rs
RSUD Kab.Konawe Utara;Jl. Raya Asera - Kendari, Lahimbua Kec. Asera;A;B;Konawe Utara;Sulawesi Tenggara;rs
RSUD Bombana;Jl. Poea Kel.Poea, Rumbia;A;D;Bombana;Sulawesi Tenggara;rs
RSUD Wakatobi;Jl. Wohou Kel. Mandati III, Kec. Wangi - Wangi Selatan;A;D;Wakatobi;Sulawesi Tenggara;rs
RSUD Namrole;Jl. Kamboja - Namrole;A;D;Buru Selatan;Maluku;rs
RSUD Pasar Wajo;Kabupaten Buton;A;C;Buton;Sulawesi Tenggara;rs
RSU Raha;Jl. Sultan Hasanuddin No.6 Raha;A;C;Muna;Sulawesi Tenggara;rs
RSU Unaaha;Jl. Pangeran Diponegoro No.301, Konawe;A;C;Kendari;Sulawesi Tenggara;rs
RS Jiwa Kendari;Jl. Letjen Suprapto Kendari;B;B;Kota Kendari;Sulawesi Tenggara;rs
RS Bhayangkara Kendari;Jl. Y Wayong No.7Kendari;A;4;Kendari;Sulawesi Tenggara;rs
RSU Daerah Abunawas;Jl. Ki Hajar Dewantara No. 16, Kendari;A;D;Kota Kendari;Sulawesi Tenggara;rs
RSUD H.M.Djafar Harun;Jl. Trans Sulawesi No. Lasusua, Kaloka;A;D;Kolaka;Sulawesi Tenggara;rs
RSU Noongan;Jl.Raya Noongan Langowan Barat;A;D;Minahasa;Sulawesi Utara;rs
RS Budi Mulia Bitung;Jl. Sam Ratulangi X/9A Bitung;A;Madya;Bitung;Sulawesi Utara;rs
RS Bergerak Kab.Kep.Sitaro;Kampung Sawang Kec, Siau timur selatan;A;D;Siau Tagulandang Biaro;Sulawesi Utara;rs
RSUD Morowali;Jl. Trans Sulawesi Fonuasingko Bungku;A;D;Morowali;Sulawesi Tengah;rs
RSU Ampana;Jl. St Hasanudin No. 32 Ampana;A;C;Poso;Sulawesi Tengah;rs
RSUD Kabelota;Jl. Trans Palu - Donggala Kabonga Besar;A;D;Donggala;Sulawesi Tengah;rs
RSU Mokopido Toli-Toli;Jl. Lanoni No.37 Toli-Toli, Sulteng;A;C;Toli-Toli;Sulawesi Tengah;rs
RSU Buol;Kab Buol;A;D;Buol;Sulawesi Tengah;rs
RSU Undata Palu;Jl. Dr Suharso 14 Palu;A;B;Palu;Sulawesi Tengah;rs
Rumkit Tk.IV Wirabuana Palu;Jl. Sisinga Mangaraja No.4,Palu;A;4;Palu;Sulawesi Tengah;rs
RSU Anutapura Palu;Jl. Kangkung No. 1 Palu;A;B;Palu;Sulawesi Tengah;rs
RS Jiwa Palu;Km 13 Mamboro Palu;B;B;Palu;Sulawesi Tengah;rs
RSU Tangerang;Jl. A Yani No. 9 Tangerang;A;B;Kota Tangerang;Banten;rs
RSIA Budiasih;Jl. KH Sohari No.39 Serang;RS Bersalin;C;Serang;Banten;rs
RSAB Sari Asih;Jl. Imam Bonjol Karawaci No 38 TNG;RSU;B;Kota Tangerang;Banten;rs
RSU Dr Adjidarmo;Jl. Iko Jatmika 1 Rangkasbitung;RS non Pendidikan;B;Lebak;Banten;rs
RS Islam Asshobirin;Jl. Raya Serpong Km11 Tangerang;A;C;Tangerang;Banten;rs
Rumkit Tk.IV Kencana Serang;Jl. A Yani 23 Serang;A;4;Serang;Banten;rs
RS Kusta Sitanala;Jl. Dr Sitanala Tangerang;G;A;Kota Tangerang;Banten;rs
RS Usada Insani;Jl. KH.HASYIM ASHARI NO.24 Tangerang;U;B;Kota Tangerang;Banten;rs
RSU Melati;Jl. Merdeka No. 92,Tangerang;A;C;Kota Tangerang;Banten;rs
RSIA Kurnia;Jl. Jombang Masjid No.4,Cilegon;O;C;Kota Cilegon;Banten;rs
RSUD As Sholihin;Jl. Surya Kencana No.1, Kec.Pamulang, Tangerang Selatan;A;C;Kota Tangerang Selatan;Banten;rs
RSUD Malingping;Jl. Raya Saketi Km.1, Malingping Kab.Lebak;A;C;Lima Puluh Kota;Banten;rs
RS Misi Lebak;Jl. Multatuli No.41 Rangkas Bitung;A;D;Lebak;Banten;rs
RS DIM 0506 Tangerang;Jl. Daan Mogot 59 Tangerang;A;4;Kota Tangerang;Banten;rs
RS Krakatau Medika;Jl. Semang Raya Cilegon;A;B;Cilegon;Banten;rs
RSU Rafflesia;Jl. Mahoni No.10 Sawah Lebar,Bengkulu;A;D;Kota Bengkulu;Bengkulu;rs
RSU Curup;Jl. Basuki Rachmad No.10 Curup;A;C;Rejang Lebong;Bengkulu;rs
RS Bergerak Enggano;Jl. Raya Malakoni KM3 Enggano;A;D;Bengkulu Utara;Bengkulu;rs
RSJKO Soeprapto Bengkulu;Jl. Bhakti Husada Lingkar Barat Bengkulu;B;B;Kota Bengkulu;Bengkulu;rs
Rumkit Tk IV Bengkulu;Jl. Zainal Arifin Gading Cempaka,Bengkulu;A;D;Kota Bengkulu;Bengkulu;rs
RSU Arga Makmur;Jl. Siti Khadijah Arga Makmur;A;C;Bengkulu Utara;Bengkulu;rs
RSUD Mukomuko;Jl. Padat Karya No.166,Mukomuko;A;D;Muko-Muko;Bengkulu;rs
Rumkit Bhayangkara Jitra Bengkulu;Jl. Veteran No. Bengkulu;A;4;Kota Bengkulu;Bengkulu;rs
RSUD Bengkulu Tengah;Jl. Raya Bengkulu - Kepahyang Km.34,5 Ds. Bajak I;A;D;Bengkulu Tengah;Bengkulu;rs
RS Hana Charitas Arga Makmur;Jl. IR. Sukarno No.12 Arga Makmur, Bengkulu Utara;A;D;Bengkulu Utara;Bengkulu;rs
RSU Manna;Jl. Fatmawati Soekarno 31,Manna;A;C;Bengkulu Selatan;Bengkulu;rs
RSUD Tais Kab.Seluma;Jl. Raya Bengkulu - Manna KM.64,Tais;A;D;Seluma;Bengkulu;rs
RSUD Muaradua;Jl. Raya Ranau Desa Suka Jaya Kec.Muaradua;A;D;Ogan Komering Ulu Selatan;Sumatera Selatan;rs
RSUD Kepahiang;Jl. Kolonel Santoso No.325,Kab.Kepahiang;A;D;Kepahiang;Bengkulu;rs
RSU Dr M Yunus Bengkulu;Jl. Bayangkara S.Mulyo,Bengkulu;A;B;Bengkulu;Bengkulu;rs
RSU Panti Rapih;Jl. Cik Ditiro 30 Yogyakarta;A;B;Kota Yogyakarta;DI Yogyakarta;rs
RSUP Dr. Sarjito;Jl. Kesehatan Sekip Yogyakarta;A;A;Sleman;DI Yogyakarta;rs
RSU Permata Husada;jl.pleret-kotagede km-4;RSU;D;Bantul;DI Yogyakarta;rs
RSUD Wates;Jl. Tentara Pelajar No. 1 Wates;A;C;Kulon Progo;DI Yogyakarta;rs
RS Islam Yogyakarta PDHI;Jl. Solo Km 12,5 Kalasan Yogya;A;D;Sleman;DI Yogyakarta;rs
RSUD Prambanan;Jl. Prambanan Piyungan Km.6 Sumber Harjo Prambanan Sleman;A;D;DI Yogyakarta;DI Yogyakarta;rs
RS PKU Muhammadiyah;Jl. Ronggowarsito 130,Surakarta;A;C;Surakarta;Jawa Tengah;rs
RSUD Penembahan Senopati;Jl. Dr. Wahidin SH Bantul;A;B;Bantul;DI Yogyakarta;rs
RS PKU Muhammadiyah Bantul;Jl. Jenderal Sudirman 124 Bantul;O;C;Bantul;DI Yogyakarta;rs
RSUD Wonosari;Jl. Taman Bakti Wonosari;A;C;Gunung Kidul;DI Yogyakarta;rs
RSUD Sleman;Jl. Bhayangkara 48 Sleman;A;B;Sleman;DI Yogyakarta;rs
RS Jiwa Ghrasia/Lalijiwa pakem;Jl. Kaliurang No. 17 Yogyakarta;B;A;Sleman;DI Yogyakarta;rs
RS Ibu dan Anak Sakina Idaman;Jl. Nyi Condrolukito,Blunyah Gede 60,Sleman;O;C;Sleman;DI Yogyakarta;rs
Rumkit DKT Dr. Soetarto/Tk. III Yogyakarta;Jl. Juwadi 19 Yogyakarta;A;3;Yogyakarta;DI Yogyakarta;rs
RS PKU Muhammadiyah Yogya;Jl. K.H. Ahmad Dahlan 20 Yogyakarta;A;C;Yogyakarta;DI Yogyakarta;rs
RS Bethesda Yogyakarta;Jl. Jen Sudirman 70 Yogyakarta;A;B;Yogyakarta;DI Yogyakarta;rs
RS Dr S Harjolukito;Lanud Adisucipto Yogyakarta;A;2;Yogyakarta;DI Yogyakarta;rs
RSK Bedah Patmasuri;Lapangan Krapyak Yogyakarta;K;C;Yogyakarta;DI Yogyakarta;rs
RSUD Kota Yogyakarta;Jl. Wirosaban No. 1 Yogyakarta;A;B;Yogyakarta;DI Yogyakarta;rs
RSK Bedah Soedirman;Jl. Sidobali UH II/402 Muja-Muju Yogyakarta;K;D;Yogyakarta;DI Yogyakarta;rs
"Rumah Sakit &quot;JIH&quot;";Jalan Ring Road Utara no. 160 Condongcatur Depok;A;B;Sleman;DI Yogyakarta;rs
RSUD Otanaha Gorontalo;Jl. Usman Isa, Gorontalo;A;D;Gorontalo;Gorontalo;rs
RSUD Tombulilato;Kabupaten Bine Bolango;A;D;Bone;Gorontalo;rs
RSUD Pohuwato;Jl. Teratai Desa Botubilotahu Gorontalo;A;D;Pohuwato;Gorontalo;rs
RSU Dr M Mohammad Dunda;Jl. A Yani Limboto Gorontalo;A;C;Boalemo;Gorontalo;rs
RSUD Tani dan Nelayan;Jl.Letjen Ahmad Yani Ds.Lamu Kec.Tilamuta,Kab.Boalemo;A;D;Boalemo;Gorontalo;rs
RSU Prof Dr H Aloei Saboe;Jl. Sultan Batutihe No. 7 Gorontalo;A;B;Gorontalo;Gorontalo;rs
RSU May.H.A. Thalib/Sungai Penuh;Jl. Basuki Rahmat;A;C;Kerinci;Jambi;rs
RSUD Hamadjid Batoe BT Hari/ Muara Bulian;Jl. Dr. Sri Sudewi,Muara Bulian;A;C;Batang Hari;Jambi;rs
RSUD H. Hanafi/Muara Bungo;Jl. Teuku Umar 88,Muaro Bungo;A;C;Bungo;Jambi;rs
RS Santa Theresia;Jl. Dr. Sutomo No.19,Jambi;A;D;Jambi;Jambi;rs
RSU KH. Daud Arif;Jl. Syarif Hidayatullah,Kuala Tungkal;A;C;Tanjung Jabung Barat;Jambi;rs
RSUD Sungai Bahar;Ds. Suka Makmur Kecamatan Sungai Bahar;A;D;jambi;Jambi;rs
RS Mayang Medical Centre;Jl. Ir.H. Juanda No.56 Simp III Sipin, Jambi;A;D;Jambi;Jambi;rs
RSUD Sultan Taha Saifudin;Jl. Lintas Tebo-Bungo Km 4,Jambi;A;C;Tebo;Jambi;rs
RSUD Kolonel Abundjani/Bangko;Lapangan Jambi Bajubang;A;C;Sarolangun Bangko;Jambi;rs
RSUD Prof.DR.H.M.Chatib Quzwain;Jl. Lintas Sumatera Km.09 Desa Bukit,Sarolangun;A;C;Sarolangun Bangko;Jambi;rs
RSUD Muaro Jambi;Jl. Lintas Timur;A;C;Muaro Jambi;Jambi;rs
RSUD Nurdin Hamzah;Jl. Keramas Muara,Sabak Barat;A;C;Tanjung Jabung Timur;Jambi;rs
Rumkit Bhayangkara Jambi;Jl. Raden Mathaher No.3,Jambi;A;4;Jambi;Jambi;rs
RS Jiwa Jambi;Jl. Dr. Purwadi Km.9,5,Jambi;B;B;Jambi;Jambi;rs
RSUD H. Abdul Manap Kota Jambi;Jl. SK.Rd.Syahbuddin Kec.Kota Baru Jambi;A;D;Jambi;Jambi;rs
Rumkit Tk II Dustira Cimahi;Jl. Rumah Sakit No.1 Cimahi;A;2;Bandung;Jawa Barat;rs
RSUD Karawang;Jl. Galuh Mas Raya No.1,Karawang;A;B;Karawang;Jawa Barat;rs
RSU Santosa Bandung Internasional Hospital;Jl. Kebon Jati No.38,Bandung;A;B;Kota Bandung;Jawa Barat;rs
RS Bhakti Yudha;Jl. Raya Sawangan No. 2A Depok;A;C;Bogor;Jawa Barat;rs
RS Mitra Keluarga Cibubur;Jl. Alternatif Transyogi, Cibubur;A;C;Kota Bekasi;Jawa Barat;rs
RS Puri Cinere;Jl. Maribaya No.1 Puri Cinere,Depok;Swasta;B;Bogor;Jawa Barat;rs
RSUD Kota Bandung/Ujung Berung;Jl. Rumah Sakit 22 Bandung;A;C;Kota Bandung;Jawa Barat;rs
RS Harapan Depok;Jl. Pemuda No.10,Depok Bogor;A;D;Bogor;Jawa Barat;rs
RSU Meilia;Jl. Alternatif Cibubur - Cilenungsi,Cimanggis, Depok;A;B;Bogor;Jawa Barat;rs
RSUD Jampang Kulon;Jl. Cibarusah No.1 Jampang Kulon,Kab.Sukabumi;A;D;Sukabumi;Jawa Barat;rs
RSU Cianjur;Jl. Rumah Sakit No.1 Cianjur;A;B;Cianjur;Jawa Barat;rs
RS Siloam Glenegles;Jl. MH Thamrin Kav.105 Bekasi;A;C;Bekasi;Jawa Barat;rs
RS KCK Pindad;Jl. Jend Gatot Subroto Bandung;Umum;D;Kota Bandung;Jawa Barat;rs
RSK Bedah Bina Sehat;Jl. Raya Dayeuh Kolot No.325 Bandung;K;D;Kota Bandung;Jawa Barat;rs
RS Karya Husada;Jl. Jend. A.Yani No.89 Cikampek;A;C;Karawang;Jawa Barat;rs
RS Mata Cicendo;Jl. Cicendo No.4 Bandung;D;A;Kota Bandung;Jawa Barat;rs
RSB Muhammadiyah Kodya Cirebon;Jl. Dr. W.Sudirohusodo Cirebon;Khusus Bersalin;D;Kota Cirebon;Jawa Barat;rs
RSU Pandeglang;Jln.Raya Labuan KM 5 Cikoneng;A;C;Pandeglang;Banten;rs
RSUD Gunung Jati;Jl. Kesambi No.56 Cirebon;Badan Layanan Daerah;B;Kota Cirebon;Jawa Barat;rs
RSK Bedah Budi Asta;Jl. Kalitanjung No.51 Cirebon;Swata;D;Kota Cirebon;Jawa Barat;rs
RS Pelabuhan Cirebon;Jl. Sisingamangaraja No.45 Cirebon;Swasta;C;Kota Cirebon;Jawa Barat;rs
RSB Putera Bahagia;Jl. Ciremai Raya Cirebon;RSU;C;Kota Cirebon;Jawa Barat;rs
Rumkit Tk III Ciremai Cirebon;Jl. Kesambi 237 Cirebon;A;3;Kota Cirebon;Jawa Barat;rs
RS Budi Luhur;Kebon Pelok Harjamukti Cirebon;Umum;D;Kota Cirebon;Jawa Barat;rs
RS Advent Bandung;Jl. Cihampelas 161 Bandung;A;B;Kota Bandung;Jawa Barat;rs
RS Bina Husada;Jl. Mayor Oking No.101 Km 01 Cibinong - Bogor;A;C;Bogor;Jawa Barat;rs
RSU Ciawi;Jl. Raya Puncak 479 Ciawi Bogor;A;B;Bogor;Jawa Barat;rs
RSUD Indramayu;Jl. Rumah Sakit No. 1 Indramayu;A;B;Indramayu;Jawa Barat;rs
RSUD Bayu Asih;Jl. Veteran No. 39 Purwakarta;A;C;Purwakarta;Jawa Barat;rs
RSU Cibinong;Jl. KSR Dadi Kusmayadi No. 27 Bogor;A;B;Kab Bogor;Jawa Barat;rs
RSUD Waled;Jl. Kesehatan No. 4 Waled, Cirebon;A;B;Cirebon;Jawa Barat;rs
RSUD Bekasi;Jl. Pramuka No. 55 Bekasi;A;B;KOTA BEKASI;Jawa Barat;rs
RS Kebonjati;Jl. Kebonjati 152 Bandung;A;C;Bandung;Jawa Barat;rs
RS Permata Medical Center;Jl Raya Panyindangan Wetan;A;D;Indramayu;Jawa Barat;rs
Rumkit Bhayangkara Indramayu;Jl. Raya Pantura Km.73-75, Losarang Indramayu;A;4;Indramayu;Jawa Barat;rs
RS Efarina Etaham;Jl. Bungursari No.1, Purwakarta;A;B;Purwakarta;Jawa Barat;rs
RSIA Karunia Bunda;Jl. Raya Jatiwaringin No.133, Pd Gede Bekasi;O;-;Bekasi;Jawa Barat;rs
RSIA Masmitra Jatimakmur;Jl. Kelurahan Jati Makmur No.40, Pondok Gede Kota Bekasi;A;-;Bekasi;Jawa Barat;rs
RS Sentra Medika;Jl. Raya Bogor KM. Cisalak - Depok;A;-;Depok;Jawa Barat;rs
RS Paru Dr. Goenawan Partowidigdo Cisarua;Jl. Raya Puncak Cisarua Bogor;F;A;Bogor;Jawa Barat;rs
RS Tugu Ibu;Jl. Raya Bogor Km 29 Cimanggis - Depok;A;C;Bogor;Jawa Barat;rs
RSU Sekarwangi;Jl. Siliwangi Cibadak Sukabumi;A;C;Sukabumi;Jawa Barat;rs
RSU Pelabuhan Ratu;Jl. Rumah Sakit Pelabuhan Ratu;A;C;Sukabumi;Jawa Barat;rs
RSUD Cimacan;Jl. Raya Cimacan No.17, Cianjur;A;D;Cianjur;Jawa Barat;rs
RSU Majalaya;Jl. Cipaku No.87 Paseh Sukabumi;A;C;Bandung;Jawa Barat;rs
RSU Cibabat;Jl. Jend. H. Amir Machmud No. 140;A;B;Bandung;Jawa Barat;rs
RS Jiwa Cimahi;Jl. Kolonel Masturi Cimahi;B;B;Bandung;Jawa Barat;rs
RS Islam Al Ihsan;Jl. Bale Endah Kab Bandung;A;B;Bandung;Jawa Barat;rs
RSUD Soreang;Jl. Alun-Alun Utara Soreang;A;C;Bandung;Jawa Barat;rs
RSUD Dr. Slamet;Jl. Rumah Sakit No.10 Garut;A;B;Garut;Jawa Barat;rs
Rumkit Tk IV Guntur Garut;Jl. Bratayuda 101 Garut;A;4;Garut;Jawa Barat;rs
RSU Tasikmalaya;Jl. Rumah Sakit 33 Tasikmalaya;A;B;Tasikmalaya;Jawa Barat;rs
RSUD Ciamis;Jl. Rumah Sakit No.76 Ciamis;A;C;Ciamis;Jawa Barat;rs
RSUD Banjar;Jl. Rumah Sakit No. 5 Banjar;A;B;Ciamis;Jawa Barat;rs
RSUD Kuningan;Jl. Sudirman No. 68 Kuningan;A;B;Kuningan;Jawa Barat;rs
RS Wijaya Kusumah;Jl. RE Martadinata 172 Kuningan;A;C;Kuningan;Jawa Barat;rs
RSTP Sidawangi;Jl. Sumber-Mandirancan Cirebon;F;C;Cirebon;Jawa Barat;rs
RSUD Arjawinangun;Jl. Pahlawan No. 38 Arjawiangun;A;C;Cirebon;Jawa Barat;rs
RSUD Majalengka;Jl. Kesehatan No.82 Majalengka;A;C;Majalengka;Jawa Barat;rs
RSUD Cideres;Jl. Raya Cideres 180 Majalengka;A;C;Majalengka;Jawa Barat;rs
RSUD Sumedang;Jl. Palasari No. 80 Sumedang;A;B;Majalengka;Jawa Barat;rs
RSUD Pantura M.A.Sentot Patrol;Jl. Raya Patrol Km.50,Indramayu;A;D;Indramayu;Jawa Barat;rs
RSUD Subang;Jl. Palasari No. 80 Sumedang;A;B;Subang;Jawa Barat;rs
RS Lanu Kalijati;Lanud Kalijati Subang;A;4;Subang;Jawa Barat;rs
RS Medika;Jl. Raya Industri Pasirgombong Cikarang;A;C;KOTA BEKASI;Jawa Barat;rs
RS Ananda;Jl. Sultan Agung No.173,Kec.Medan Satria - Bekasi;A;B;Bekasi;Jawa Barat;rs
RSUD Kab.Bekasi;Jl. Teuku Umar Cibitung,Bekasi;A;C;Bekasi;Jawa Barat;rs
RS Citra Harapan;Jl.Raya Harapan Indah Blok 3-5 Kota Bekasi;A;C;Bekasi;Jawa Barat;rs
RS Islam Dr.Subki Abdulkadir;Jl. R.A. Kartini No.66,Bekasi;A;C;Bekasi;Jawa Barat;rs
Rumkit Tk IV Salak Bogor;Jl. Jend Sudirman No. 8 Bogor;A;4;Kota Bogor;Jawa Barat;rs
RS Lanud Atang Sanjaya;Jl. Sarijo No. 1, Semplak;A;3;Kota Bogor;Jawa Barat;rs
RSJ Dr. H. Marzoeki Mahdi;Jl. Dr. Semeru No.114 Bogor;B;A;Kota Bogor;Jawa Barat;rs
RSUD R Syamsudin SH;Jl. Rumah Sakit No. 1 Sukabumi;A;B;Kota Sukabumi;Jawa Barat;rs
RS Secapa Polri;Jl. Bhayangkara No. 166 Sukabumi;A;4;Kota Sukabumi;Jawa Barat;rs
RSU Dr Hasan Sadikin;Jl. Pasteur 38 Bandung;A;A;Kota Bandung;Jawa Barat;rs
RS Sartika Asih;Jl. Mooh. Toha No. 369 Bandung;A;4;Kota Bandung;Jawa Barat;rs
RS Pusat AU Dr M Salamun;Jl. Ciumbuleiut 203 Bandung;A;2;Kota Bandung;Jawa Barat;rs
RS Lanu Sulaiman;Jl. Terusan Kopo Margahayu Bdg;A;4;Kota Bandung;Jawa Barat;rs
RSU Tk IV Sariningsih Bandung;Jl. LL RE Martadinata 9 Bandung;A;4;Kota Bandung;Jawa Barat;rs
RS Jiwa Bandung;Jl. LLRE Martadinata No.11 Bandung;B;A;Kota Bandung;Jawa Barat;rs
RSIA Sumber Kasih;Jl. Siliwangi No.135 Cirebon;O;C;Kota Cirebon;Jawa Barat;rs
RSUD Kota Depok;Jl. Raya Muchtar No.99,Sawangan Depok;A;C;Depok;Jawa Barat;rs
RS Dr. R. Soeprapto Cepu;Jl. Ronggolawe No. 50,Cepu;A;C;Blora;Jawa Tengah;rs
RSU Dr. H.Soewondo Kendal;Jl. Laut No. 21,Kendal;RS Pemkab Kendal;B;Kendal;Jawa Tengah;rs
RSUD Sragen;Jl. Raya Sukowati No.534,Sragen;A;B;Sragen;Jawa Tengah;rs
RS Dr. R. Soetijono Blora;Jl. Dr Sutomo No. 42,Blora;A;C;Blora;Jawa Tengah;rs
RSU JATI HUSADA;Jl. Raya Solo - Tawangmangu KM 10,3 Jati, Jateng;A;D;Karanganyar;Jawa Tengah;rs
RSUD Majenang;Jl. Dr. Soetomo No. 54 Majenang;A;C;Cilacap;Jawa Tengah;rs
RSU Banjarnegara;Jl. Jen Sudirman No.42 Banjarnegara;Umum;C;Banjarnegara;Jawa Tengah;rs
RS Islam Wonosobo;Jl. Mayjend Bambang S Mendolo,Wonosobo;A;C;Wonosobo;Jawa Tengah;rs
RS Dr.Oen Solo Baru;Komplek Perumahan Solo Baru Kec.Grogol Sukoharjo;A;C;Sukoharjo;Jawa Tengah;rs
RSUD RAA Soewondo;Jl. Dr Soesanto 114,Pati;A;B;Pati;Jawa Tengah;rs
RSI PKU Muhammadiyah Pekajangan;Jl. Raya Ambokembang No.42-44,Pekalongan;A;C;Pekalongan;Jawa Tengah;rs
RSU Dr. M Ashasi Pemalang;Jl. Gatot Subroto No.41,Pemalang;A;C;Pemalang;Jawa Tengah;rs
RS Islam PKU Muhammadiyah;Jl. Singkil Km.5 Kab.Tegal;A;C;Tegal;Jawa Tengah;rs
RSUD Banyudono;Jl. Raya Solo - Boyolali KM.10 Kuwiran Kec.Banyudono Kab.Boyolali;RSU;D;Boyolali;Jawa Tengah;rs
RSU Dr. Kariadi;Jl. Dr. Soetomo No.16,Semarang;A;A;Kota Semarang;Jawa Tengah;rs
RSU Dr. R.Soedjati Soemodiardjo;Jl. D.I Panjaitan 36,Purwodadi;A;B;Grobogan;Jawa Tengah;rs
RSUD Pekalongan;Jl. Veteran 31,Pekalongan;RS Pemkab Pekalongan;B;Pekalongan;Jawa Tengah;rs
"RS Ibu dan Anak &#39; Aisyiyah &#39;";Jl. Mayjend Sutoyo 113, Purworejo;O;0;Purworejo;Jawa Tengah;rs
RSUD Gemolong Kabupaten Sragen;jl.DR Soetomo No 792;A;D;Sragen;Jawa Tengah;rs
RSU Cilacap;Jl. Gatot Subroto 28 Cilacap;A;B;Cilacap;Jawa Tengah;rs
RSUD Pandan Arang Boyolali;Jl. Kantil No. 14, Boyolali;A;C;Boyolali;Jawa Tengah;rs
RSUP Dr.Suraji Tirtonegoro Klaten;Jl. Dr. Soeraji T No.1,Klaten;A;B;Klaten;Jawa Tengah;rs
RSUD Dr. Soediran MS Wonogiri;Jl. Jend A Yani No. 40,Wonogiri;A;B;Wonogiri;Jawa Tengah;rs
RS Budi Rahayu;Jl. Barito No. 5,Pekalongan;A;Madya;Kota Pekalongan;Jawa Tengah;rs
RS Santa Maria Pemalang;Jl. Pemuda No. 24,Pemalang;A;C;Pemalang;Jawa Tengah;rs
RS Islam Fatimah;Jl. Ir.H.Juanda No.20 Cilacap;A;C;Cilacap;Jawa Tengah;rs
RSUD Djojonegoro Temanggung;Jl. Dr. Sutomo No.67,Temanggung;A;C;Temanggung;Jawa Tengah;rs
RS Sultan Agung Semarang;Jl. Raya Kaligawe Km.4,Semarang;A;B;Kota Semarang;Jawa Tengah;rs
RSU Dr. H.RM Soeselo W;Jl. Dr. Sutomo No.63,Slawi;A;B;Jateng;Jawa Tengah;rs
RS Permata Medika;Jl. Moch Ichsan No.93 - 97, Ngaliyah Semarang;A;C;Jateng;Jawa Tengah;rs
RSU Wonosobo;Jl. Rumah Sakit No.1,Wonosobo;A;C;Wonosobo;Jawa Tengah;rs
RSU Marga Husada;Jl. Letjen S.Parman No. 4 Selogiri,Wonogiri;A;D;Wonogiri;Jawa Tengah;rs
RS Puri Asih;Jl. Sudirman No.169,Salatiga;A;D;Salatiga;Jawa Tengah;rs
RS Akabri Pol Semarang;Jl. Majapahit No.140,Semarang;A;4;Kota Semarang;Jawa Tengah;rs
RS Islam Harapan Anda;Jl. Ababil No.42,Tegal;A;C;Kota Tegal;Jawa Tengah;rs
RSIA Amanah;Jl Raya Kebokura No.37 Kec Sumpiuh Kab Banyumas;O;C;Banyumas;Jawa Tengah;rs
"RS Jiwa dan Narkoba &quot; H.Mustajab&quot;";Jl. Raya Bungkanel - Karanganyar,Purbalingga;B;-;Purbalingga;Jawa Tengah;rs
RSUD Banyumas;Jl. Rumah Sakit No.1 Banyumas;A;B;Banyumas;Jawa Tengah;rs
RSUD Prof Dr. M Soekarjo;Jl. Dr Gumbreg No. 1 Purwokerto;A;B;Banyumas;Jawa Tengah;rs
RS Islam Purwokerto;Jl. H Masyhusri Purwokerto;A;C;Banyumas;Jawa Tengah;rs
RSIA Hidayah Purwokerto;Jl. Supriyadi No. 22 Purwokerto;O;D;Banyumas;Jawa Tengah;rs
RSUD Ajibarang;Jl. Raya Pancasan No.1,Ajibarang Banyumas;A;D;Banyumas;Jawa Tengah;rs
RSK Bedah Wiradadi Husada;Jl. Menteri Supeno No. 25,Sokaraja-Banyumas;A;D;Banyumas;Jawa Tengah;rs
RSUD Purbalinnga;Jl. Tentara Pelajar Purbalingga;A;C;Purbalingga;Jawa Tengah;rs
RS Nirmala;Jl. Letnan Yusuf Babakan, Kalimanah Purbalingga;A;C;Purbalingga;Jawa Tengah;rs
RSUD Kebumen;Jl. Rumah Sakit No.13 Kebumen;A;C;Kebumen;Jawa Tengah;rs
RS Palang Biro Gombong;Jl. Kartini 37 Gombong Kebumen;A;C;Kebumen;Jawa Tengah;rs
RSU PKU Muhamadiyah Gombong;Jl. Yos Sudarso 461 Gombong Kebumen;A;C;Kebumen;Jawa Tengah;rs
RSUD Saras Husada Purworejo;Jl. Jen Sudirman No.60 Purworejo;A;B;Purworejo;Jawa Tengah;rs
RSUD Muntilan Kab. Magelang;Jl. Kartini No.13 Muntilan;A;C;Magelang;Jawa Tengah;rs
RSUD Simo;Jl. Kebon Ijo Ds.Simo Kec.Simo, Boyolali;A;D;Boyolali;Jawa Tengah;rs
RS Jiwa Dr.R.M.Soedjarwadi Klaten;Jl. Ki Pandanaran Km.2,Klaten;B;B;Klaten;Jawa Tengah;rs
RSUD Sujoharjo;Jl. Dr Muwardi 71,Sukoharjo;A;B;Sukoharjo;Jawa Tengah;rs
RS Medika Mulya;Jl. Raya Wonogiri-Ngadirojo KM.5,Wonogiri;A;C;Wonogiri;Jawa Tengah;rs
RSUD Karanganyar;Jl. Yos Sudarso Karanganyar;A;C;Karanganyar;Jawa Tengah;rs
RS Lanuma Adisumarmo;Lanuma Adisumarmo Surakarta;A;3;Karanganyar;Jawa Tengah;rs
RS PKU Muhammadiyah K.A;Papahan Tasikmadu Karanganyar;A;C;Karanganyar;Jawa Tengah;rs
RSU Amal Sehat Sragen;Jl. Veteran No.35,Sragen;A;C;Sragen;Jawa Tengah;rs
RSIA Assalam;Jl. Gatot Subroto KM.1,5,Sragen;O;C;Sragen;Jawa Tengah;rs
RS Panti Rahayu;Jl. R Suprapto No.6,Purwodadi;A;C;Grobogan;Jawa Tengah;rs
Rumkitban Blora;Jl. Dr. Sutomo No.45, Blora;A;4;Blora;Jawa Tengah;rs
RS Kristen Tayu;Jl. Diponegoro 56,Tayu Pati;A;C;Pati;Jawa Tengah;rs
RS Islam Pati;Jl. Raya Pati-Tayu KM.18,Waturroyo Pati;A;C;Pati;Jawa Tengah;rs
RS Mitra Bangsa Pati;Jl. Kol.Sugiyono No.75,Pati;A;C;Pati;Jawa Tengah;rs
RSUD Kayen Pati;Jl. Rumah Sakit No.1 Kayen Pati;A;D;Pati;Jawa Tengah;rs
Rumkinban Pati;Jl. P. Sudirman No.77 Pati;A;3;Pati;Jawa Tengah;rs
RSUD Kudus;Jl. Dr. Lukmonohadi No.19,Kudus;A;B;Kudus;Jawa Tengah;rs
RSU Islam Sunan Kudus;Jl. Kudus Permai No.1,Kudus;A;C;Kudus;Jawa Tengah;rs
Rumkitban Kudus;Jl. P. Sudirman No.64, Kudus;A;4;Kudus;Jawa Tengah;rs
RSU R.A. Kartini;Jl. K.H. Wahid Hasyim Jepara;A;B;Jepara;Jawa Tengah;rs
RS Kusta Kelet Donorejo;Kelet Kec Kaling Kab.Jepara;G;C;Jepara;Jawa Tengah;rs
RSU Bhakti Karya Husada;Jl. Sultan Fatah No. 669/50,Demak;A;C;Demak;Jawa Tengah;rs
RSUD Ambarawa;Jl. Kartini No.10, Ambarawa;A;C;Semarang;Jawa Tengah;rs
RSUD Ungaran;Jl. Diponegoro 125,Ungaran;A;C;Semarang;Jawa Tengah;rs
RS Ngesti Waluyo;Jl. Pahlawan Parakan,Temanggung;A;C;Temanggung;Jawa Tengah;rs
RSU Dedy Jaya;Jl. Ahmad Yani No.57,Brebes;A;C;Brebes;Jawa Tengah;rs
RS Bhakti Asih;Jl. P. Diponegoro No.125,Pesantunan Brebes;A;C;Brebes;Jawa Tengah;rs
Rumkit Tk II Dr. Soedjono;Jl. Urip Sumoharjo 48, Magelang;A;2;Kota Magelang;Jawa Tengah;rs
RSJ. Prof.Dr. Soerojo Magelang;Jl. A Yani 169,Magelang;B;A;Kota Magelang;Jawa Tengah;rs
RSU Dr. Moewardi Surakarta;Jl. Kol Sutarto 132,Surakarta;A;A;Surakarta;Jawa Tengah;rs
Rumkit Tk IV Slamet Riyadi Surakarta;Jl. Slamet Riyadi 321,Surakarta;A;4;Surakarta;Jawa Tengah;rs
RS Jiwa Surakarta;Jl. K.H. Dewantoro 80,Surakarta;B;A;Surakarta;Jawa Tengah;rs
RSU Panti Waluyo;Jl. Jen A Yani No.1,Surakarta;A;C;Surakarta;Jawa Tengah;rs
RS Islam Kustati;Jl. Kapt.Mulyadi No.249,Surakarta;A;C;Surakarta;Jawa Tengah;rs
RSU Kasih Ibu;Jl. Slamet Riyadi 404,Surakarta;A;C;Surakarta;Jawa Tengah;rs
RSUD Kota Surakarta;Jl. P.Lumban Tobing No.10,Surakarta;A;D;Surakarta;Jawa Tengah;rs
Rumkit Tk. IV Salatiga;Jl. Dr Muwardi Salatiga;A;4;Salatiga;Jawa Tengah;rs
Rumkit Tk.III Bhakti Wira Tamtama Smg;Jl. Dr. Sutomo No.17,Semarang;A;3;Kota Semarang;Jawa Tengah;rs
RS Jiwa Dr. Amino Gondohutomo;Jl. Brigjen Sudiarto,Semarang;B;A;Kota Semarang;Jawa Tengah;rs
RS Panti Wilasa II;Jl. Dr. Cipto 50,Semarang;A;C;Kota Semarang;Jawa Tengah;rs
RSUD Kota Semarang;Jl. Fatmawati Raya No.1,Semarang;A;B;Kota Semarang;Jawa Tengah;rs
RSUD Kardinah;Jl. KS Tubun No.4,Tegal;A;B;Kota Tegal;Jawa Tengah;rs
RS Mitra Siaga;Jl. Pala Raya No.54,Tegal;A;C;Kota Tegal;Jawa Tengah;rs
Rumkit Tk.IV Tegal;Jl. Raya Pagongan Tegal;A;4;Kota Tegal;Jawa Tengah;rs
RSK Bedah Onkologi;Jl. Galaxy Bumi Permai Blok A2 No.7,Surabaya;K;C;Kota Surabaya;Jawa Timur;rs
"RSU &quot;Kanjuruhan&quot;Kepanjen";Jl. Panji No. 100 Kepanjen, Malang;A;B;Malang;Jawa Timur;rs
RS Kristen Mojowarno;Jl. Merdeka No.59 Mojowarno, Jombang;A;C;Jombang;Jawa Timur;rs
RS Panti Waluya Sawahan;Jl. Nusakambangan No.56, Malang;A;C;Kota Malang;Jawa Timur;rs
RSUD Lawang;Jl. RA Kartini 5, Lawang Kab. Malang;A;D;Malang;Jawa Timur;rs
RSUD Genteng;Jl. Hasanudin No.98,Genteng;A;C;Banyuwangi;Jawa Timur;rs
RSUD Sumberrejo;Jl. Raya No.231 Sumberrejo,Bojonegoro;A;D;Bojonegoro;Jawa Timur;rs
RSUD Kab. Sampang;Jl. Rajawali No. 10, Sampang;A;C;Sampang;Jawa Timur;rs
RSK Anak & P.Dalam Banyuwangi;Jl. Basuki Rachmat Banyuwangi;P;C;Banyuwangi;Jawa Timur;rs
RS Budi Rahayu;Jl. Jend.A Yani 18 Blitar;A;C;Kota Blitar;Jawa Timur;rs
RSUD Ibnu Sina Kab. Gresik;Jl. Dr. W Sudiro Husodo No.243 B, Gresik;A;B;Gresik;Jawa Timur;rs
RS Mardi Waluyo;Jl. Raya Kalianget No.1, Kab Sumenep;RSI Garam Kalianget;RSU;Sumenep;Jawa Timur;rs
RS Mata Undaan;Jl. Undaan Kulon 19 Surabaya;Khusus Mata;B;Kota Surabaya;Jawa Timur;rs
RS Al-irsyad;Jl. KH.Mansyur 210 Surabaya;A;C;Kota Surabaya;Jawa Timur;rs
RSU Dr. Soedomo Trenggalek;Jl. Dr Soetomo No. 2 Trenggalek;A;C;Trenggalek;Jawa Timur;rs
RS PHC;Jl. Prapat Kurung selatan no 1;RSU;B;Kota Surabaya;Jawa Timur;rs
RSUD Kab. Jombang;Jl. KHW Hasyim 52, Jombang;A;B;Jombang;Jawa Timur;rs
RSU Dr. R Koesma Tuban;Jl. Dr W S Husodo No.800, Tuban;A;B;Tuban;Jawa Timur;rs
RSU An-Nisaa;Jl. Suparyono Timur No.1,Bajang Talun-Blitar;RSU;D;Kota Blitar;Jawa Timur;rs
RSUD Bhakti Dharma Husada;Jl. Raya Kendung No.115-117, Surabaya;A;C;Kota Surabaya;Jawa Timur;rs
RS PT Semen Gresik;Jl. R A Kartini No. 280 Gresik;A;C;Gresik;Jawa Timur;rs
RSU Haji Surabaya;Jl. Manyar Kertoadi Surabaya;A;B;Surabaya;Jawa Timur;rs
RSUD kab, Pacitan;Jl. Jen A Yani No. 51 Pacitan;A;C;Pacitan;Jawa Timur;rs
RSU Blambangan;Jl. Istiqlah No. 49 Banyuwangi;A;C;Banyuwangi;Jawa Timur;rs
RSUD dr. Abdoer Rahem Situbondo;Jl. Anggrek No. 68 Situbondo;A;C;Situbondo;Jawa Timur;rs
RSU Dr. R. Sosodoro Djatikoesoemo;Jl. Dr Wahidin No.40, Bojonegoro;A;B;Bojonegoro;Jawa Timur;rs
RS Islam Surabaya Jemursari;Jl. Jemursai 51 - 57, Surabaya;A;B;Surabaya;Jawa Timur;rs
RS Syuhada Haji;Jl. Mojo No.12 Pakunden-Blitar;A;-;Kota Blitar;Jawa Timur;rs
Rumkit Tk.III Baladika Husada Jember;Jl. PB Sudirman No. 49 Jember;A;III;Jember;Jawa Timur;rs
RS William Booth;Jl. Let Jen S Parman 5,Semarang;A;C;Kota Semarang;Jawa Tengah;rs
RSUD Dr. Harjono S Ponorogo;Jl. Ciptomangunkusumo Ponorogo;A;B;Ponorogo;Jawa Timur;rs
RSUD Dr Iskak Tulungagung;Jl. Dr. W Sudirohusudo, Tulungagung;A;B;Tulungagung;Jawa Timur;rs
RSU Islam Orpeha;Jl. KHR Abdul Fatah Tulungagung;A;C;Tulungagung;Jawa Timur;rs
RSUD Ngudi Waluyo Wlingi;Jl. Dr. Sucipto No.5 Wlingi;A;B;Blitar;Jawa Timur;rs
RSU Pare;Jl. Pahlawan Kusuma Bangsa No.1, Pare;A;B;Kediri;Jawa Timur;rs
RSU Dr. Haryoto Lumajang;Jl. Basuki Rahmat No.5, Lumajang;A;B;Lumajang;Jawa Timur;rs
RSU Dr. Soebandi;Jl. Dr. Soebandi No.124, Jember;A;B;Jember;Jawa Timur;rs
RSTP Jember;Jl. Nusa Indah No. 28 Jember;F;B;Jember;Jawa Timur;rs
RS Utama Husada;Jl. Manggar No.134 Tegalsari, Ambulu Jember;A;C;Jember;Jawa Timur;rs
RSUD Kalisat Kab.Jember;Jl. M.H.Thamrin No.31 Jember;A;D;Jember;Jawa Timur;rs
RSUD Balung;Jl. Rambipuji 19, Balung Jember;A;C;Jember;Jawa Timur;rs
RSUD Dr. H.Koesnadi;Jl. Piere Tendean Bondowoso;A;B;Bondowoso;Jawa Timur;rs
RSU Waluyo Jati Kraksaan;Jl. Dr Sutomo No. 1 Kraksaan;A;C;Probolinggo;Jawa Timur;rs
RSUD Bangil;Jl. Raci - Bangil;A;C;Pasuruan;Jawa Timur;rs
RSUD Sidoarjo;Jl. Mojopahit No.667 Sidoarjo;A;B;Sidoarjo;Jawa Timur;rs
RS Pusdik Polri Porong;Pusdik Sabhara Porong;A;4;Sidoarjo;Jawa Timur;rs
RS Kusta Sumberglagah;Sumberglagah Pacet Mojokerto;G;C;Mojokerto;Jawa Timur;rs
RSU Prof Dr Soekandar;Jl. Hayam Wuruk 25 Mojosari;A;B;Mojokerto;Jawa Timur;rs
RSAB Muslimat;Jl. U Sumohardjo 32-34 Jombang;O;D;Jombang;Jawa Timur;rs
RSUD Nganjuk;Jl. Dr. Sutomo 62, Nganjuk;A;B;Nganjuk;Jawa Timur;rs
RSU Kertosono;Jl. Supriadi No. 29 Kertosono.;A;C;Nganjuk;Jawa Timur;rs
RSTP Dungus;Jl. Raya Dungus - Wungu, Madiun;F;C;Madiun;Jawa Timur;rs
RSUD Panti Waluyo;Jl. A Yani Km 2 Caruban Madiun;A;C;Madiun;Jawa Timur;rs
RSU Dr. Saydiman Magetan;Jl. Pahlawan No.2 Magetan;A;C;Magetan;Jawa Timur;rs
RSU Dr. Soeroto Ngawi;Jl. Dr Wahidin 27, Ngawi;A;C;Ngawi;Jawa Timur;rs
RSUD Padangan;Jl. Dr. Soetomo No.02 Padangan,Bojonegoro;A;D;Bojonegoro;Jawa Timur;rs
RSUD Syarifah Ambarni Rato Ebuh;Jl. Pemuda Kaffa No. 9 Bangkalan;A;B;Bangkalan;Jawa Timur;rs
RS AL Batuporon;Jl. Mawar Madura Kab Bangkalan;A;4;Bangkalan;Jawa Timur;rs
RSUD Pamekasan;Jl. Raya Panglegur No.4, Pamekasan;A;B;Pamekasan;Jawa Timur;rs
RSU Muh Anwar Sumenep;Jl. Dr Cipto No. 42 Sumenep;A;C;Sumenep;Jawa Timur;rs
RSU Gambiran;Jl. KH Wahid Hasyim 64 Kediri;A;B;Kota Kediri;Jawa Timur;rs
Rumkit Tk.IV Kediri;Jl. Mayjen SungkoNo. 44, Kediri;A;4;Kota Kediri;Jawa Timur;rs
RS Bhayangkara Kediri;Jl. Kombes Pol Duryat 17 Kediri;A;3;Kota Kediri;Jawa Timur;rs
RS Kusta Kediri;Jl. Veteran No. 48, Kediri;G;B;Kota Kediri;Jawa Timur;rs
Rumkit Tk.II Dr. Soepraoen;Jl. Sodanco Supriyadi No.22,Malang;A;2;Kota Malang;Jawa Timur;rs
RSU Marsudi Waluyo;Jl. Raya Mondoroko Km. 9 Singosari Malang;A;C;Kota Malang;Jawa Timur;rs
RS Lanuma Abdul Saleh;Jl. Dr. M. Munir No.18, Malang;A;4;Kota Malang;Jawa Timur;rs
RS Islam Malang;Jl. M. T. Haryono No. 139 Malang;A;C;Kota Malang;Jawa Timur;rs
RSU Dr. Moh Saleh Probolinggo;Jl. Panjaitan No.65 Probolinggo;A;B;Kota Probolinggo;Jawa Timur;rs
RSUD Tongas;Jl. Raya Tongas No. 229,Probolinggo;A;D;Kota Probolinggo;Jawa Timur;rs
RSU Dr. R.Soedarsono Pasuruan;Jl. Dr Wahidin Sudirohusodo No. 1-4 Pasuruan;A;C;Kota Pasuruan;Jawa Timur;rs
RSU Dr. Wahidin S Husodo;Jl. Gajah Mada 100 Mojokerto;A;C;Mojokerto;Jawa Timur;rs
Rumkitban Mojokerto;Jl. R Wijaya 58 Mojokerto;A;4;Mojokerto;Jawa Timur;rs
RS Islam Sakinah;Jl. RA Basuni No.12 Mojokerto;A;C;Mojokerto;Jawa Timur;rs
RSUD RA.Basoeni;Jl. Raya Gedeg No.17,Kab.Mojokerto;A;C;Mojokerto;Jawa Timur;rs
RSU Dr. Soedono Madiun;Jl. Dr. Soetomo 59, Madiun;A;B;Kota Madiun;Jawa Timur;rs
RS Rumkit Tk.IV Madiun;Jl. Pahlawan No. 79 Madiun;A;4;Kota Madiun;Jawa Timur;rs
RS Lanuma Iswahyudi;Lanud Iswahyudi Magetan;A;3;Kota Madiun;Jawa Timur;rs
RSUD Kota Madiun;Jl. Campursari No.12,Madiun;A;C;Kota Madiun;Jawa Timur;rs
RSU Dr. Soetomo;Jl. Prof Dr. Moestopo Surabaya;A;A;Surabaya;Jawa Timur;rs
RS Al Dr Ramelan;Jl. Gadung No. 1 Surabaya;A;1;Surabaya;Jawa Timur;rs
RS Al Tanjung Perak;Jl. Laksda M.Nazir No.56,Surabaya;A;3;Surabaya;Jawa Timur;rs
RS Islam Surabaya;Jl. Jend A Yani 2-4 Surabaya;A;C;Surabaya;Jawa Timur;rs
Rumkit Tk III Brawijaya,Sby;Jl. Kesatrian No.17 Surabaya;A;3;Surabaya;Jawa Timur;rs
RS AL Pal Surabaya;Jl. Taruna 66-68 Ujung Surabaya;A;4;Surabaya;Jawa Timur;rs
RS AL Gunungsari;Jl. Golf No. 1 Surabaya;A;3;Surabaya;Jawa Timur;rs
RS AL Juanda;Jl. Bachtiar Yahya No.1,Juanda,Surabaya;A;4;Surabaya;Jawa Timur;rs
RS TNI AU Soemitro;Jl. Serayu 17 Surabaya;A;4;Surabaya;Jawa Timur;rs
RS AL Kodikal;Jl. Morokrembangan Surabaya;A;4;Surabaya;Jawa Timur;rs
RS Jiwa Menur;Jl. Menur 120 Surabaya;B;A;Surabaya;Jawa Timur;rs
RSIA Siti Aisyiah;Jl. Pacar Keling No.15A Surabaya;O;C;Surabaya;Jawa Timur;rs
RSUD Dr. Mohamad Soewandhie;Jl. Tambakrejo 45-47 Surabaya;A;B;Surabaya;Jawa Timur;rs
RS Islam Darus Syifa;Jl. Raya Benowo No.5,Surabaya;A;C;Surabaya;Jawa Timur;rs
RS Bhayangkara H.S.Samsoeri Mertojoso;Jl. Achmad Yani No.16,Surabaya;A;4;Surabaya;Jawa Timur;rs
RSUD Landak;Jl. Pemuda Ngabang;A;D;Landak;Kalimantan Barat;rs
RSUD Kab.Bengkayang;Jl. Sanggau Ledo No.20 Bengkayang;A;D;Bengkayang;Kalimantan Barat;rs
RSU Dr Rubini Mempawah;Jl. Dr Rubini Mempawah;A;C;Pontianak;Kalimantan Barat;rs
RSU Sanggau;Jl. Jend Sudirman Sanggau;A;C;Sanggau;Kalimantan Barat;rs
RSU Dr. Agusdjam Ketapang;Jl. Panjaitan No.1 Ketapang;A;C;Ketapang;Kalimantan Barat;rs
RSUD Dr H Soemarno S;Jl. Tambun Bungai Kuala Kapuas;A;C;Kapuas;Kalimantan Tengah;rs
RSUD Poso;Jl. Jen.Sudirman No.33 Poso;A;C;Poso;Sulawesi Tengah;rs
RSU Muara Teweh;Jl. Yetro Sinseng Muara Teweh;A;C;Barito Utara;Kalimantan Tengah;rs
RSUD Sukamara;Jl. Tjilik Riwut KM 5,5 Sukamara;A;D;Sukamara;Kalimantan Tengah;rs
RSUD Balangan;Jl. Lingkar Timur Km.1,7 Paringin Kab.Balangan;A;D;Balangan;Kalimantan Selatan;rs
RSUD Sultan Imanuddin;Jl. St Syahrir 17 Pangkalan Bun;A;C;Waringin Barat;Kalimantan Tengah;rs
RSUD Kuala Kurun;Jl. Cilik Riwut No.43 Kuala Kurun Kalteng;A;D;Kapuas;Kalimantan Tengah;rs
RSUD Buntok;Jl. Patianom No.6, Buntok;A;C;Barito Selatan;Kalimantan Tengah;rs
RSUD Tamiang Layang;Jl. Nansarunai Tamiang Layang;A;D;Barito Selatan;Kalimantan Tengah;rs
RSUD Puruk Cahu;Jl. A. Yani No. 497, Puruk Cahu;A;D;Barito Utara;Kalimantan Tengah;rs
RSUD Lamandau;Jl. Tjilik Riwut No.11,Nanga Bulik;A;D;Lamandau;Kalimantan Tengah;rs
RSUD Kuala Pembuang;Jl. A.Yani No.30,Kuala Pembuang;A;D;Seruyan;Kalimantan Tengah;rs
RSUD Pulang Pisau;Jl. Pemda No. 107, Pulang Pisau;A;D;Pulang Pisau;Kalimantan Tengah;rs
RSUD Dr Doris Sylvanus;Jl. Tambun Bungai No.4 Palangkaraya;A;B;Palangka Raya;Kalimantan Tengah;rs
Rumkit Tk.IV Palangkaraya;Jl. Diponegoro Palangkaraya;A;4;Palangka Raya;Kalimantan Tengah;rs
RSJ Sambang Lihum;Jl. Purwosari Km 4 Tamban Kab Batola;B;A;Barito Kuala;Kalimantan Selatan;rs
RSUD Abdul Aziz/Marabahan;Jl. Jend Sudirman No.10,Marabahan;A;C;Barito Kuala;Kalimantan Selatan;rs
RSUD Tarakan;Jl. P. Irian Tengah,Tarakan;A;B;Tarakan;Kalimantan Timur;rs
RSUD Sangatta;Jl. Cut Nyak Dien No.1 Kutai Timur;A;C;Kutai Timur;Kalimantan Timur;rs
RSUD Kab. Nunukan;Jl. Sei Fatimah;A;D;Nunukan;Kalimantan Timur;rs
RS Bergerak Kab.Malinau;Langgap-Malinau Selatan;A;D;malinau;Kalimantan Timur;rs
RSUD Kab. Malinau;Jl. Raya Respen Tubu Kec. Malinau Utara Kab. Malinau;A;D;Malinau;Kalimantan Timur;rs
Rumkit Bhayangkara Balikpapan;Jl. Jend. Sudirman No.14, Balikpapan;A;4;Balikpapan;Kalimantan Timur;rs
RS Jiwa Atmamahusada Mahakam/Samarinda;Jl.Kakap No.23 Samarinda;B;B;Samarinda;Kalimantan Timur;rs
RSUD Kota Bontang;Jl. S. Parman No.01, Kota Bontang;A;B;Bontang;Kalimantan Timur;rs
RSUD H Boejasin Pelaihari;Jl. Hadji Boejasin No.68 Kab. Tanah Laut;A;C;Tanah Laut;Kalimantan Selatan;rs
RSUD Panglima Sebaya;Jl. Ciptomangunkusumo No.2 T Grogot;A;C;Pasir;Kalimantan Timur;rs
RSUD AM Parikesit Tenggarong;Jl. Imam Bonjol Tenggarong;A;B;Kutai Barat;Kalimantan Timur;rs
RS Harapan Insan Sendawar;Jl. Mawar Desa Sendawar Kutai;A;C;Kutai Barat;Kalimantan Timur;rs
RSUD Aji Batara Agung Dewa Sakti;Jl. Balikpapan - Handil II Samboja;A;C;Kutai Barat;Kalimantan Timur;rs
RSUD Tanjung Selor;Jl. Cendrawasih Tanjung.Selor;A;C;Kutai Timur;Kalimantan Timur;rs
RSU Dr. Abd.Rivai Berau;Jl. Pulau Panjang No.275 Tanjung Redeb;A;C;Berau;Kalimantan Timur;rs
RSUD Kab.Penajam Paser Utara;Jl. Propinsi Km.09 Kab.Penajam Paser Utara;A;C;Penajam Paser Utara;Kalimantan Timur;rs
Rumkit Tk.III Dr R Hardjanto;Jl. Tanjungpura I Balikpapan;A;3;Balikpapan;Kalimantan Timur;rs
RS Fatima Saumlaki;Jl.Komplek Misi Saumlaki Maluku Tenggara Barat;A;D;Maluku Tenggara;Maluku;rs
RS St Yusuph Elat;Kei Besar Kab Maluku Tenggara;A;D;Maluku Tenggara;Maluku;rs
RSK Bedah Bakti Rahayu;Jl. Ahmad Yani Ambon;Umum;D;Kota Ambon;Maluku;rs
RSU Piru;jln. Arteri Piru;A;D;Seram Bagian Barat;Maluku;rs
RSU Dr M Haulussy Ambon;Jl. Dr Kayadoe Ambon;A;B;Ambon;Maluku;rs
RSU Tual;Jl. Merdeka Ohoijang Tual;A;C;Maluku Tenggara;Maluku;rs
RSU Namlea;Jl. Anggrek Namlea Buru Utara;A;D;Maluku Tengah;Maluku;rs
RSUD Cendrawasih Dobo;Jl. Depnaker Km.6,Kepulauan Aru;A;D;Kepulauan Aru;Maluku;rs
RSUD Kab.Seram Bagian Timur (Bula);Jl. Wailola No.11-12 Bula,Kab.Seram Bag.Timur;A;D;Seram Bagian Timur;Maluku;rs
Rumkit Tk.III JA. Latumeten;Jl. Dr Tamaela No.2,Ambon;A;3;Ambon;Maluku;rs
RS AL Ambon;Daeral 9 Halong Ambon;A;4;Ambon;Maluku;rs
RS Lanu Patimura;Lanu Pattimura Ambon;A;4;Ambon;Maluku;rs
RSKD Ambon;Jl. Laksdya Leo Wattimena Ambon;B;B;Ambon;Maluku;rs
RS Islam Bina Warga;Jl. Pemuda No.131 Keluarahan Toboleu, Ternate;A;D;Kota Madya Ternate;Maluku Utara;rs
RS Medika Harifalm Ternate;Jl. Zainal Abidin Syah No.25, Ternate;A;D;Kota Ternate;Maluku Utara;rs
RSU Kota Tidore Kepulauan;Jl. Sultan mansyur No 11 Indonesiana Tidore maluku Utara;A;C;Kota Tidore Kpulauan;Maluku Utara;rs
RSUD Maba;Jl. Trans Halmahera Kota maba;A;D;Halmahera Timur;Maluku Utara;rs
RSUD Weda;Jl. Raya Weda, Kab. Halmahera Tengah;A;D;Halmahera tengah;Maluku Utara;rs
RSUD Kab. Pulau Morotai;Jl. Puskesmas No.5 Desa Yayasan;A;D;mOROTAI;Maluku Utara;rs
RSU Daerah Tobelo;Jl. Lanbouw Samsungi Tobelo Halmahera Utara;A;C;Halmahera Barat;Maluku Utara;rs
RSUD Jailolo;Jl.Raya Acango-Jailolo,Halmahera Barat;A;D;Halmahera Barat;Maluku Utara;rs
RS Lanu Morotai;Morotai Kab Maluku Utara;A;4;Halmahera Tengah;Maluku Utara;rs
RSUD Sanana;Jln. Dr. Sibarani - Falahu, Kep. Sula;A;D;Kepulauan Sula;Maluku Utara;rs
RSU Ternate;Jl. Tanah Tinggi Ternate;A;B;Ternate;Maluku Utara;rs
Rumkit Tk.IV Ternate;Jl. Ais Nasution No.2, Ternate;A;4;Ternate;Maluku Utara;rs
RSUD Patut Patuh Patju;Jl. H. Lalu Anggrat BA No. 2, Gerung;A;C;Lombok Barat;Nusa Tenggara Barat;rs
RSU Dr R Sudjono;Jl. Prof M Yamin SHNo.55 Selong;A;C;Lombok Timur;Nusa Tenggara Barat;rs
RSU Mataram;Jl. Pejanggik No.6, Mataram;A;B;Mataram;Nusa Tenggara Barat;rs
RSUD Kota Mataram;Jl. Bung Karna Pagutan Mataram;A;D;Mataram;Nusa Tenggara Barat;rs
RSU Praya;Jl. Basuki Rahmat No. 11 Praya;A;C;Lombok Tengah;Nusa Tenggara Barat;rs
RSU Sumbawa Besar;Jl. Garuda No. 5 Sumbawa Besar;A;C;Sumbawa;Nusa Tenggara Barat;rs
RSU Dompu;Jl. Kesehatan No. 1 Dompu, NTB;A;C;Dompu;Nusa Tenggara Barat;rs
RSU Raba;Jl. Langsat No. 1 Raba Kab Bima;A;C;Bima;Nusa Tenggara Barat;rs
Rumkit Tk.IV Wira Bhakti Mataram;Jl. Cokroaminoto 7 Mataram;A;4;Mataram;Nusa Tenggara Barat;rs
RS Jiwa Mataram;Jl. A Yani 1 Selagalas Mataram;B;B;Mataram;Nusa Tenggara Barat;rs
RS Bhayangkara Mataram;Jl. Langko No.64,Mataram;A;4;Mataram;Nusa Tenggara Barat;rs
RS ST Rafael Cancar;Cancar Ruteng,Kab.Manggarai;A;D;Manggarai;Nusa Tenggara Timur;rs
RSU Dr TC Hillers Maumere;Jl. Kesehatan Maumere;A;C;Sikka;Nusa Tenggara Timur;rs
RSU Soe;Jl. Boegenville No.7 Soe - Timor Tengah Selatan;A;D;Timor Tengah Selatan;Nusa Tenggara Timur;rs
RS Lendemoripa;Jl. El Tari No.2 Waikabubak;A;D;Sumba Barat;Nusa Tenggara Timur;rs
RS Kristen Lindimara;Jl. Prof.DR WZ. Johannes No.6,Waingapu;A;D;Sumba Timur;Nusa Tenggara Timur;rs
RSUD Naibonat;Jl. Timor Raya KM.37 Oelamasi, Kupang;A;C;Kab Kupang;Nusa Tenggara Timur;rs
RS Bukit Lewoleba;Lewoleba, Lembata NTT;A;-;Flores Timur;Nusa Tenggara Timur;rs
RSUD Kota Kupang;Jl. Timor Raya Pasir Panjang;A;C;Kupang;Nusa Tenggara Timur;rs
"RSUD Rote Ndao Ba&#39;a";Jl. Busa langga, Kab Kupang;A;D;Kupang;Nusa Tenggara Timur;rs
RSUD Dr. P.P Magretti Saumlaki;Jl. Ir. Soekarno - Poros Utama;A;D;Maluku Tenggara;Maluku;rs
RSU Waikabubak;Jl. Adhyaksa Km-IV,Sumba Barat;A;C;Sumba Barat;Nusa Tenggara Timur;rs
RSUD Waingapu;Jl. Adam Malik No.54, Hambala Waingapu;A;D;Sumba Timur;Nusa Tenggara Timur;rs
RSUD Kefamenanu;Jl. Letjen Suprapto Kefamenanu;A;D;Timor Tengah Utara;Nusa Tenggara Timur;rs
RSUD Belu;Jl. Dr Sutomo No. II Atambua;A;C;Belu;Nusa Tenggara Timur;rs
RS Penyangga Perbatasan Betun;Jl. Sukabihanawa Desa Kamanasa Kec.Malaka Tengah;A;D;Belu;Nusa Tenggara Timur;rs
RSUD Alor;Jl. Dr Sutomo Kalabahi Kab Alor;A;D;Alor;Nusa Tenggara Timur;rs
RSU Larantuka;Jl. Moh Hatta No.19,Kab.Flores Timur;A;D;Flores Timur;Nusa Tenggara Timur;rs
RSUD Lewoleba;Jl.Trans Lembata No.1,Lewoleba,Lembata;A;D;Flores Timur;Nusa Tenggara Timur;rs
RSUD Ende;Jl. Prof Dr. WZ.Johanes Ende;A;C;Ende;Nusa Tenggara Timur;rs
RSU Bajawa;Jl. Diponegoro No. 5, Bajawa;A;D;Ngada;Nusa Tenggara Timur;rs
RSU Ruteng;Jl. Diponegoro No.16,Kab Manggarai;A;D;Manggarai;Nusa Tenggara Timur;rs
RSU Prof Dr WZ Johanes;Jl. Dr Moch Hatta No. 19 Kupang;A;B;Kupang;Nusa Tenggara Timur;rs
RS Tk.IV Wirasakti Kupang;Jl. Dr.DR.Moch Hatta No.3,Kupang;A;4;Kupang;Nusa Tenggara Timur;rs
RS Bhayangkara;Jl. Nangka No. 54 Kupang;A;4;Kupang;Nusa Tenggara Timur;rs
RSU Oksibil;jl. Poros Kabiding No. 2 Oksibil;A;D;ASMAT;Papua;rs
RSU Merauke;Jl. SukarjowirjopraNo.to Merauke;A;C;Merauke;Papua;rs
RSU Wamena;Jl. Trikora Wamena;A;D;Merauke;Papua;rs
RSUD Paniai;Jl. Raya Madi KM.7,Paniai Timur;A;D;Paniai;Papua;rs
RSU Serui;Jl. Dr Sam Ratulangi Serui;A;D;Pemkab Yapen Waropen;Papua;rs
RSUD Kab. Mimika;Jl. Yos Sudarso Kab. Mimika;A;D;Mimika;Papua;rs
RSUD Kab.Keerom;Jl. Bhayangkara,Kp. Asyaman,Distrik Arso,Kab.Keerom;A;D;Keerom;Papua;rs
RS Jiwa Abepura;Jl. Kesehatan II Abepura;B;C;Jayapura;Papua;rs
RSU Manokwari;Jl. Bhayangkara No.I Manokwari;A;C;Kaimana;Papua Barat;rs
Rumkitban Manokwari;Jl. Brawijaya Kodim 1703 Manokwari;A;4;Kaimana;Papua Barat;rs
RS AL Manokwari;Jl. Serma Suwandi MaNo.kwari;A;4;Kaimana;Papua Barat;rs
RSUD Siak;Jl. Raja Kecik No.1 Kampung dalam,Siak Sri Indrapura;A;C;Siak;Riau;rs
RSUD.Dr. R.M. Pratomo Bagansiapiapi;Jl. Pahlawan No.13,Bagansiapiapi;A;C;Bengkalis;Riau;rs
RSU Puri Husada Tembilahan;Jl. Veteran 52,Hilir Tembilahan;A;C;Indragiri Hilir;Riau;rs
RS Tk IV Pekanbaru;Jl. Kesehatan No. 2,Pekanbaru;A;4;Pekanbaru;Riau;rs
RS Awal Bros Pekanbaru;Jl. Sudirman No.117,Pekanbaru;A;B;Pekanbaru;Riau;rs
RS Khusus Bedah & Kebidanan Syafira;Jl. Jenderal Sudirman No.134, Pekanbaru;O;B;riau;Riau;rs
RSUD Kec.Mandau;Jl. Stadion No.10 Duri,Bengkalis;A;D;Bengkalis;Riau;rs
RS Bina Kasih;Jl. Samanhudi No.3-5,Pekanbaru;A;C;Pekanbaru;Riau;rs
RSU Bangkinang;Jl. A Rahman Saleh,Bangkinang;A;C;Kampar;Riau;rs
RSUD dr. Rasidin Padang;Sei.Sapih Kec.Kuranji,Padang;A;C;Padang;Sumatera Barat;rs
RSUD Teluk Kuantan;Jl. Kesehatan No. 1 Sinambak;A;C;Kuantan Singingi;Riau;rs
RSU Indrasari Rengat;Jl. Lintas Timur Sumatera Rengat;A;C;Indragiri Hulu;Riau;rs
RSUD Selasih Riau;Kabupaten Pelalawan Propinsi Riau;A;C;Pelalawan;Riau;rs
RSUD Kab.Rokan Hulu;Jl. Syekh Ismail, Pasir Pengarayan;A;C;Rokan Hulu;Riau;rs
RSU Bengkalis;Jl. Kelapapati Tengah No.90, Bengkalis;A;D;Bengkalis;Riau;rs
RSUD Selat Panjang;Jl. Dorak - Selatpanjang 28753,Bengkalis;A;D;Bengkalis;Riau;rs
RS Kepolisian Pekanbaru;Jl. Kartini No.14,Pekanbaru;A;4;Pekanbaru;Riau;rs
RS Jiwa Tampan;Jl. H.R. Subrantas Km.12,5,Pekanbaru;B;A;Pekanbaru;Riau;rs
RS Bhayangkara Pekanbaru;Simpang Tiga,Pekanbaru;A;4;Pekanbaru;Riau;rs
RSU Dumai;Jl. Tanjung Jati No.4,Dumai;A;C;Dumai;Riau;rs
RSU Polewali;Jl. Dr Ratulangi 50 Polewali;A;C;Polewali Mandar;Sulawesi Barat;rs
RSU Mamuju Utara;Jl. Bukit Husada - Ako No. 10, Pasangakayu;A;D;Mamuju Utara;Sulawesi Barat;rs
RSU lapangan Minake;Minake Kecamatan Tandukkalua - Mamasa;Rumah Sakit Umum;-;Mamasa;Sulawesi Barat;rs
RSU Majene;Jl. Poros Majene, Mamuju;A;C;Majene;Sulawesi Barat;rs
RSUD Mamuju;Jl. Kurungan Bassi Mamuju;A;D;Mamuju;Sulawesi Barat;rs
RSUD Syekh Yusup Gowa;Jl. Dr. Wahidin HS No.48 Sungguminasa;A;B;Gowa;Sulawesi Selatan;rs
RSU Palopo;Jl. Samiun No.2 Palopo;A;C;Luwu;Sulawesi Selatan;rs
RSU Tenriawaru Bone;Jl. W.Sudirohusodo Watampone;A;B;Bone;Sulawesi Selatan;rs
RSUD HA. Sulthan Daeng Radja;Jl. Serikaya No. 17 Bulukumba;A;C;Bulukumba;Sulawesi Selatan;rs
RSU Prof.Dr. A Makkatutu;Jl. Teratai No.20 Bantaeng;A;C;Bantaeng;Sulawesi Selatan;rs
RSU Enrekang;Jl. Jend Sudirman Enrekang;A;C;Enrekang;Sulawesi Selatan;rs
RSB St Fatimah;Jl. Gn Merapi No. 73 Makassar;O;B;Makassar;Sulawesi Selatan;rs
RS Fatima Makale;Jl. Nusantara No.18 Makale Tator;A;C;Tana Toraja;Sulawesi Selatan;rs
RSU Sinjai;Jl. Jend Sudirman No. 47 Sinjai;A;c;Sinjai;Sulawesi Selatan;rs
RSU Nene Mallomo;Jl. Wolter Monginsidi Rappang;A;C;Sidenreng Rappang;Sulawesi Selatan;rs
RSU Andi Jemma Masamba;Jl. Sultan Hasanuddin No.23, Masamba Luwu Utara;A;C;Luwu;Sulawesi Selatan;rs
RSIA Chaterine Booth;Jl. Arief Rate No.15 Makassar;O;B;Makassar;Sulawesi Selatan;rs
RSUD Batara Guru;Jl. Tomakaka - Lebani Kab. Luwu;A;D;Luwu;Sulawesi Selatan;rs
RSIA Pertiwi Makasar;Jl. Jend.Sudirman No.14, Makasar;O;B;Makasar;Sulawesi Selatan;rs
RSU Selayar;Jl. Dr Wahidin S No. 23 Selayar;A;C;Selayar;Sulawesi Selatan;rs
RSUD Lanto Daeng Pasewang/Jeneponto;Jl. Kesehatan No. 8 Bonto Sunggu;A;C;Jeneponto;Sulawesi Selatan;rs
RSU H. Pajonga Dg.Ngale Takalar;Jl. Incesuhsan No.1 Dg, Parani Takalar;A;C;Takalar;Sulawesi Selatan;rs
Rumkit Tk.IV Dr. M Yasin Bone;Jl. Jend Sudirman Watampone;A;4;Bone;Sulawesi Selatan;rs
RSU Salewangeng Maros;Jl. Ujung Pandang KM 3 Maros;A;C;Maros;Sulawesi Selatan;rs
RS Dr. Dody Saryoto;Lanu Hasanudin Maros;A;4;Maros;Sulawesi Selatan;rs
RSU Pangkep;Jl. Sultan Hasanudin 7 Pangkajene;A;C;Pangkep;Sulawesi Selatan;rs
RSU Barru;Jl. Lasawedi Kel.Coppo Kec.Barru Kab.Barru;A;D;Barru;Sulawesi Selatan;rs
RSU Ajapange Soppeng;Jl. Samudra No.4 Watansoppeng;A;C;Barru;Sulawesi Selatan;rs
RSU Lamadukeleng Sengkang;Jl. K.Chandra Kirana Sengkang;A;C;Wajo;Sulawesi Selatan;rs
RSU Lasinrang Pinrang;Jl. Macan No. 9 Pinrang;A;C;Pinrang;Sulawesi Selatan;rs
RSU Lakipadada Tana Toraja;Jl. Pongtiku Mandetek Tana Toraja;A;C;Tana Toraja;Sulawesi Selatan;rs
RSUD I Lagaligo;Jl. Sangkuruwira,Kec.Wotu Kab.Luwu Timur;A;C;Luwu Timur;Sulawesi Selatan;rs
RSU Labuang Baji;Jl. Dr. Ratulangi No.81 Makassar;A;B;Makassar;Sulawesi Selatan;rs
Rumkit Tk.II Pelamonia;Jl. Jend Sudirman No.27,Makassar;A;2;Makassar;Sulawesi Selatan;rs
RS Kepolisian Bhayangkara;Jl. Letjen Mapaodang Makassar;A;3;Makassar;Sulawesi Selatan;rs
RS Lanal Makassar;Jl. Satando Makassar;A;4;Makassar;Sulawesi Selatan;rs
RSU Dr W Sudirohusodo UP;Jl. P Kemerdekaan Km.11,Makasar;A;A;Makassar;Sulawesi Selatan;rs
RSU Haji Makassar;Jl. Dg. Ngeppe 14 Makassar;A;C;Makassar;Sulawesi Selatan;rs
RSUD Daya;Jl. Perintis Kemerdekaan No. 14,Makasar;A;C;Makassar;Sulawesi Selatan;rs
RS Dim 1402 Pare-Pare;Jl. Karaeng Burane No.24 Pare Pare;A;4;Pare Pare;Sulawesi Selatan;rs
RSU Andi Makkasau Pare2;Jl. Nurussamawaty No.3 Pare-Pare;A;B;Pare Pare;Sulawesi Selatan;rs
RSU Anuntaloko Parigi;Jl. Sis Al Jufri No.214 Parigi;A;C;Donggala;Sulawesi Tengah;rs
RSUD Banggai;Jl. KM 7.Adean Kabupaten Banggai Kepulauan;A;C;Banggai;Sulawesi Tengah;rs
Rumkit Bhayangkara Palu;Jl. Lorong Suharso 1 No.30, Palu;A;4;Palu;Sulawesi Tengah;rs
RSB Masyita;Jl. Camba Jawayya No.24 Tello Baru, Makasar;C;C;Makasar;Sulawesi Selatan;rs
RSU Prof.Dr. R.D Kandou Manado;Jl. Raya Tanawangko No.56, Manado;A;B;Manado;Sulawesi Utara;rs
RSUD Kota Kotamobagu;Kelurahan Pobundayan Kecamatan Kotamobagu Selatan;A;D;Kotamobagu;Sulawesi Utara;rs
RSU Ratatotok - Buyat;Dr. Vally Ch. H. Ratulangi (Plh);A;D;Pemkab Minahasa Tenggara;Sulawesi Utara;rs
RSUD Maria Walanda Maramis;Jl. Prof. Arnold Mononutu - Kel.Sarongsong II - Airmadidi;A;D;Minahasa Utara;Sulawesi Utara;rs
RSU Datoe Binangkang;Jl. Ade Irma Kotamubagu;A;C;Bolaang Mengondow;Sulawesi Utara;rs
RSU Dr.Sam Ratulangi;Noogan Langowan Kab Minahasa;A;C;Minahasa;Sulawesi Utara;rs
RS Bethesda GMIM Tomohon;Jl. Raya Tomohon;A;C;Minahasa;Sulawesi Utara;rs
RS TK.Teling Manado;Jl. 14 Februari Telling Atas,Manado;A;3;Manado;Sulawesi Utara;rs
RS Jiwa Manado;Jl. Bethesda 77 Manado;B;A;Manado;Sulawesi Utara;rs
RS Bhayangkara Manado;Jl. Sam Ratulangi No.154,Manado;A;4;Manado;Sulawesi Utara;rs
RS AL Bitung;Jl. Yos Sudarso No. 26 Bitung;A;4;Bitung;Sulawesi Utara;rs
RSU Bitung;Jl. SH Sarundayang Kota Bitung;A;C;Bitung;Sulawesi Utara;rs
RS Ibnu Sina Padang Panjang;Jl. Sukarno. Hatta,Padang Panjang;A;D;Sumbawa Barat;Sumatera Barat;rs
RSU Sungai Dareh;Jl. LTS Sumatera KM 2, P. Punjung;A;C;Dharmas Raya;Sumatera Barat;rs
RS Jiwa Puti Bungsu;Jl. H.Agus Salim No.36,Padang;RS Jiwa;D;Kota Padang;Sumatera Barat;rs
RS PT Semen Padang;Komp.PT Semen Indarung,Padang;RSU;D;Kota Padang;Sumatera Barat;rs
RS Islam Ibnu Sina;Ds.Simpang Ampat Kab.Pasaman;A;D;Pasaman;Sumatera Barat;rs
RS Ibnu Sina Bukittinggi;Jl. Belakang Balok,Bukittinggi;A;C;Bukittinggi;Sumatera Barat;rs
RSUD Dr Adnaan WD;Jl. AIS Nasution 25,Payakumbuh;A;C;Payakumbuh;Sumatera Barat;rs
RSU Sawah Lunto;Jl. Kartini No.18,Sawah Lunto;A;C;Sawah Lunto;Sumatera Barat;rs
RSU Lubuk Basung;Jl. M.Hatta Padang Baru,Lubuk Basung;A;C;Agam;Sumatera Barat;rs
RSB An-Nisa;Jl. Pemuda No.18,Padang;C;c;Padang;Sumatera Barat;rs
RSU Dr. M.Jamil;Jl. Perintis Kemerdekaan Padang;A;B;Padang;Sumatera Barat;rs
RSUD Lukas Hilisimaetano;Kabupaten Nias Selatan;A;D;Nias Selatan;Sumatera Utara;rs
RSUD Kep. Mentawai;Jl. Raya Tuapejat KM.9 - Sipora Utara;A;C;Mentawai;Sumatera Barat;rs
RSU Muara Labuh;Jl. Raya Km.1,Muara Labuh Solok;A;D;Solok;Sumatera Barat;rs
RSUD Arosuka,Solok;Jl. Lintas Sumatera Aro Suka Solok,Kab.Solok;A;C;Solok;Sumatera Barat;rs
RSU Prof Dr M.A Hanafiah;Jl. Bundo Kandung Batusangkar;A;C;Tanah Datar;Sumatera Barat;rs
RSU Pariaman;Jl. Prof M Yamin SH,Pariaman;A;C;Padang Pariaman;Sumatera Barat;rs
RSU Suliki;Jl. Tan Malaka No.1, Kec.Suliki;A;D;Limapuluh Kota;Sumatera Barat;rs
RSU Lubuk Sikaping;Jl. Jen Sudirman No.33,Lubuk Sikaping;A;C;Pasaman;Sumatera Barat;rs
RSUD Pasaman Barat;Pemkab. Pasaman Barat;A;C;Pasaman Barat;Sumatera Barat;rs
Rumkit Tk III Reksodiwiryo Padang;Jl. Dr Wahidin No.1,Padang;A;3;Padang;Sumatera Barat;rs
RS Islam IIbnu Sina;Jl. Gajah Mada,Padang;A;C;Padang;Sumatera Barat;rs
RS Bhayangkara Sumbar;Jl. Jati No.I Padang;A;4;Padang;Sumatera Barat;rs
RS Jantung Sumbar;Jl. Khatib Sulaiman No.71,Padang;L;D;Padang;Sumatera Barat;rs
RSUD Solok;Jl. Simpang Rumbio,Solok;A;C;Sawah Lunto;Sumatera Barat;rs
RSU Padang Panjang;Jl. KHA Dahlan 5,Pdg Panjang;A;C;Padang Panjang;Sumatera Barat;rs
RSU Dr. Achmad Mochtar;Jl. Dr. A.Rivai Bukittinggi;A;B;Bukittinggi;Sumatera Barat;rs
Rumkit Tk IV Bukit Tinggi;Jl. Jen Sudirman 37,Bukittinggi;A;4;Bukittinggi;Sumatera Barat;rs
RS Stroke Nasional Bukittinggi;Jl. Jend Sudirman,Bukittinggi;N;B;Bukittinggi;Sumatera Barat;rs
RSU Dr. Mohammad Hoesin;Jl. Jend.Sudirman KM 3.5,Palembang;A;A;Kota Palembang;Sumatera Selatan;rs
RS Charitas;Jl. Sudirman 1054,Palembang;A;B;Kota Palembang;Sumatera Selatan;rs
RSUD Dr. Ibnu Sutowo Baturaja;Jl. Dr. Moh.Hatta No.1,Baturaja;A;C;Ogan Komering Ulu;Sumatera Selatan;rs
RSU Dr. Sobirin Musirawas;Jl. Yos Sudarso No.13,Lubuk Linggau;A;C;Musi Rawas;Sumatera Selatan;rs
RSUD Lebong;Jl. Muning Agung Desa Muning Agung Kec. Lebong Sakti;A;D;Lebong;Bengkulu;rs
RS Bukit Asam;Jl. Raya Bukit Asam,Tanjung Enim;A;C;Muara Enim;Sumatera Selatan;rs
Rumkit Tk IV Lahat;Jl. Mayor Ruslan I No.26,Lahat;TNI-AD;D;Lahat;Sumatera Selatan;rs
RSUD Talang Ubi;Jl. Taman Siswa Kel.Pasar Bhayangkara;A;D;Muara Enim;Sumatera Selatan;rs
RSUD Basemah Kota Pagar Alam;Jl. S.Parman Pagar Alam,Lahat;A;C;Lahat;Sumatera Selatan;rs
RS Siti Khadijah;Jl. Demang Lebar Daun,Palembang;A;C;Palembang;Sumatera Selatan;rs
RSUD Sungai Lilin;Kec.Sungai Lilin Kab.Musi Banyuasin;A;D;Musi Banyuasin;Sumatera Selatan;rs
RSUD Bayung Lencir;Jl raya Palembang-Jambi KM 200 Kec, bayung Lencir;A;D;Musi Banyuasin;Sumatera Selatan;rs
RSUD Oku Timur (Gumawang);Jl. Mayjen Warsito Kec.Belitung,Gumawang;A;C;Ogan Komering Ulu;Sumatera Selatan;rs
RSU Kayuagung;Jl. Letnan Marzuki,Kayu Agung;A;C;Ogan Komering Ilir;Sumatera Selatan;rs
RSU Muara Enim;Jl. Dr AK Gani No.84,Muara Enim;A;C;Muara Enim;Sumatera Selatan;rs
RSU Lahat;Jl. Mayor Ruslan I No. 28,Lahat;A;C;Lahat;Sumatera Selatan;rs
RSUD Siti Aisyiah;Jl. Lapter Silampari Kel.Air Kuti,Lubuk Linggau Timur;A;D;Lubuk Linggau;Sumatera Selatan;rs
RSUD Kab.Musi Rawas;Kab.Musi Rawas,Sumsel;A;D;Musi Rawas;Sumatera Selatan;rs
RSU Sekayu;Jl. Kolonel Wahid Udin,Sekayu;A;C;Musi Banyuasin;Sumatera Selatan;rs
RSUD Banyuasin;Jl. Raya Palembang - Betung Km.48,Pangkalan Bali Banyuasin;A;D;Banyuasin;Sumatera Selatan;rs
Rumkit Tk II Dr. AK Gani Palembang;Jl. S M Badaruddin II,Palembang;A;2;Palembang;Sumatera Selatan;rs
RS Jiwa Palembang;Jl. Kol.H. Barlian Km 6,Palembang;B;A;Palembang;Sumatera Selatan;rs
RSUD Palembang Bari;Jl. P. Usaha Seb Ulu,Palembang;A;B;Palembang;Sumatera Selatan;rs
RS Khusus Paru-Paru Pro.Sumatera Selatan;Jl. Merdeka No.10,Palembang;F;B;Palembang;Sumatera Selatan;rs
RS Khusus Mata Masyarakat;Jl. Merdeka No.10 A,Palembang;D;B;Palembang;Sumatera Selatan;rs
RSUD Kota Agung;Jl. Sukarno Hatta Komplek Islamic Centre Kotaagung,Kab.Tanggamus;A;D;Tanggamus;Lampung;rs
RSU Kabanjahe;Jl. KS.Ketaren 8, Kabanjahe;A;C;Karo;Sumatera Utara;rs
RS Dr Gerhard ML Tobing;Desa Buntu Bedimbar Tanjung Morawa Deli Serdang;C;3;Deli Serdang;Sumatera Utara;rs
RS Vita Insani;Jl. Merdeka No.239, Pematang Siantar;rsu;C;Kota Pematang Siantar;Sumatera Utara;rs
RSU Permata Madina;Jl. Merdeka No. 155 Panyabungan;A;C;Mandailing Natal;Sumatera Utara;rs
RSUD Natal;Jl. Multatuli No. 72,Kab.Mandailing Natal;A;C;Mandailing Natal;Sumatera Utara;rs
RSU Delia;Jl. K.H. Dewantara No.24 Kec. Selesai Kabupaten Langkat;A;D;Langkat;Sumatera Utara;rs
RS Gleneagles Medan;Jl. Listrik No.2A,Medan;A;B;Kota Medan;Sumatera Utara;rs
RSU Dr Pirngadi;Jl. Prof H M Yamin SH 47, Medan;A;B;Kota Medan;Sumatera Utara;rs
RSUD.Dr. H.Kumpulan Pane;Jl. Dr. K. Pane Tebing Tinggi;A;B;Tebing Tinggi;Sumatera Utara;rs
RS Sari Mutiara;Jl. Kapten Muslim 79,Medan;A;B;Medan;Sumatera Utara;rs
RSU Trianda;Jl. Medan - Tebing Tinggi Km.42,5 No.752 B Ds.Bengkel Kec. Perbaungan Serdang B More ...;A;D;Serdang;Sumatera Utara;rs
RSU Gunung Sitoli;Jl. Cipto M Kusumo,Gn Sitoli;A;C;Nias;Sumatera Utara;rs
RSU Padang Sidempuan;Jl. Dr. F.L. Tobing,Pd Sidempuan;A;B;Tapanuli Selatan;Sumatera Utara;rs
RSU Panyabungan;Jl. Merdeka No.40,Panyabungan;A;C;Tapanuli Selatan;Sumatera Utara;rs
RSU Sipirok;Jl. RSU No.1,Sipirok Tapsel;A;C;Tapanuli Selatan;Sumatera Utara;rs
RSUD Gunung Tua;Kab.Tapanuli Selatan;A;C;Tapanuli Selatan;Sumatera Utara;rs
RSUD Sibuhuan;Kec.Burumun Kab.Tap.Sel;A;C;Tapanuli Selatan;Sumatera Utara;rs
RSUD Pandan;Jl. Imam Bonjol,Kab.Tapanuli Tengah;A;C;Tapanuli Tengah;Sumatera Utara;rs
RSU Tarutung;Jl. Bin Harun Said Tarutung;A;B;Tapanuli Utara;Sumatera Utara;rs
RSU Dr Hadrianus Sinaga;Jl. Dr Hadrianus S Pangururan;A;C;Tapanuli Utara;Sumatera Utara;rs
RSU Dolok Sanggul;Jl. Kesehatan Dolok Sanngul;A;D;Tapanuli Utara;Sumatera Utara;rs
RSU Porsea;Jl. Parparean Porsea Kab,Taput;A;C;Tapanuli Utara;Sumatera Utara;rs
RS HKBP Balige;Jl. Gereja No.17,Balige;A;C;Tapanuli Utara;Sumatera Utara;rs
RSU Rantau Prapat;Jl. KH Dewantara Rantau Prapat;A;B;Labuhan Batu;Sumatera Utara;rs
RSU H.Abd.Manan Simatupang, Kisaran;Jl. Sisingamangaraja Kisaran;A;C;Asahan;Sumatera Utara;rs
RSUD Simalungun;Kabupaten Simalungun;A;C;Simalungun;Sumatera Utara;rs
RSU Sidikalang;Jl. Rumah Sakit 19,Sidikalang;A;C;Dairi;Sumatera Utara;rs
RS Sembiring;Jl. Besar No.77, Deli Tua;A;C;Deli Serdang;Sumatera Utara;rs
RS Nur Saadah;Tanjung Morawa Km.12,Deli Serdang;A;C;Deli Serdang;Sumatera Utara;rs
RSUD Sultan Sulaiman Syariful Alamsyah;Kabupaten Serdang Bedagai;A;C;Deli Serdang;Sumatera Utara;rs
RSU Tanjung Pura;Jl. Khairil Anwar Tanjung Pura;A;C;Langkat;Sumatera Utara;rs
RSU Dr Fl Tobing Sibolga;Jl. Dr. FL. Tobing 35,Sibolga;A;B;Tapanuli Tengah;Sumatera Utara;rs
Rumkitban Sibolga;Jl. Anggrek No.6,Sibolga;A;4;Tapanuli Tengah;Sumatera Utara;rs
BPRSU Dr. Tengku Mansyur;Jl. Mayjen Sutoyo Tanjung Balai;A;C;Tanjung Balai;Sumatera Utara;rs
RSUD.Dr. Djasaman Saragih;Jl. Sutomo No. 230,P Siantar;A;B;Pematang Siantar;Sumatera Utara;rs
Rumkit Tk IV Pematang Siantar;Jl. Gn Simanuk Manuk,P Siantar;A;4;Pematang Siantar;Sumatera Utara;rs
Rumkit Tk II Putri Hijau Medan;Jl. Putri Hijau 17,Medan;A;2;Medan;Sumatera Utara;rs
Rumkit Bhayankara Medan;Jl. KH Wahid Hasyim No.1, Medan;A;2;Medan;Sumatera Utara;rs
RS AL Belawan;Jl. Bengkalis Belawan No.1,Medan;A;3;Medan;Sumatera Utara;rs
RS Lanu Dr ABD Malik;Jl. Imam Bonjol No.1,Medan;A;4;Medan;Sumatera Utara;rs
RS Jiwa Medan;Jl. Tali Air 21 Padang Bulan,Medan;B;A;Medan;Sumatera Utara;rs
RSU Mitra Sejati;Jl. Jend.AH Nasution No.7 Pangkalan Masyhur Medan;A;C;Medan;Sumatera Utara;rs
RS Martha Friska;Jl. Yos Sudarso Km.6 No. 91,Medan;A;B;Medan;Sumatera Utara;rs
RSU H Adam Malik;Jl. Bunga Lau No.17,Medan;A;A;Medan;Sumatera Utara;rs
RS Prof.Dr. Boloni;Jl. Monginsidi No.11,Medan;A;C;Medan;Sumatera Utara;rs
RSU Haji Medan;Jl. RS. Haji Medan Estate,Medan;A;C;Medan;Sumatera Utara;rs
RSU Muhammadiyah Sumatera Utara;Jl. Mandala By Pass No.27,Medan;A;C;Medan;Sumatera Utara;rs
Rumkit Tk IV 01.07.02 Binjai;Jl. Bandung No.4,Binjai;A;3;Binjai;Sumatera Utara;rs
RS Tingkat IV 01.07.03;Jl. Raya Losung Batu,Padang Sidempuan;A;4;Padang Sidempuan;Sumatera Utara;rs
RS Ibu dan Anak Propinsi NAD;Jl. Prof.A.Majid Ibrahim I,Banda Aceh;O;B;Banda Aceh;Nanggroe Aceh Darussalam;rs
RSUD Simeulue;Kab.Simeulue;Umum;C;Simeulue;Nanggroe Aceh Darussalam;rs
RSU Datu Beru Takengon;Jl. Rumah Sakit Takengon;A;B;Aceh Tengah;Nanggroe Aceh Darussalam;rs
RSUD Sigli;Jl. Prof.Majid Ibrahim Sigli;A;C;Pidie;Nanggroe Aceh Darussalam;rs
RSU Dr. H.Yulidin Away;Jl. T.Ben Mahmud No.86 A, Meulaboh;A;C;Aceh Selatan;Nanggroe Aceh Darussalam;rs
RSU Cut Meutia;Jl. Garuda Kebun Baru,Langsa;A;D;Langsa;Nanggroe Aceh Darussalam;rs
RSU Cut Meutia Lhoksemawe;Jl. Banda Aceh-Medan Km.6 Buket Rata Lhokseumawe;A;C;Bireuen;Nanggroe Aceh Darussalam;rs
RSU Dr. Fauziah Bireun;Jl. RSU No.13. Bireuen;A;C;Bireuen;Nanggroe Aceh Darussalam;rs
Rumkit Tk IV Lhokseumawe Aceh Utara;Jl. Samudra Lhokseumawe AUT;A;4;Bireuen;Nanggroe Aceh Darussalam;rs
RSUD Tamiang;Jl. Kesehatan,Kab.Aceh Tamiang;A;C;Aceh Tamiang;Nanggroe Aceh Darussalam;rs
RSUD Bener Meriah;Simpang Empat Kute Kering Kampung Kute Lintang Kec.Bukit Kab.Bener Meriah;A;D;Bener Meriah;Nanggroe Aceh Darussalam;rs
RSU Langsa;Jl. Ahmad Yani No.1,Langsa;A;B;Aceh Timur;Nanggroe Aceh Darussalam;rs
RSUD Aceh Singkil;Jl. Rimo/Singkil Km.8;A;C;Aceh Singkil;Nanggroe Aceh Darussalam;rs
RSU Kutacane;Jl. Blang Kejeran Kutacane;A;C;Aceh Tenggara;Nanggroe Aceh Darussalam;rs
RS Pertamina Rantau;Jl. Cepu Rantau Kab. Aceh Timur;A;C;Aceh Timur;Nanggroe Aceh Darussalam;rs
RSUD Idi Rayeuk;Kabupaten Aceh Timur;A;D;Aceh Timur;Nanggroe Aceh Darussalam;rs
RSU Cut Nyak Dhien;Jl. Gajah Mada Meulaboh;A;C;Aceh Barat;Nanggroe Aceh Darussalam;rs
RSU Kota Jantho;Jl. Transmigrasi I Kota Jantho;A;C;Aceh Besar;Nanggroe Aceh Darussalam;rs
RSUD Kab.Aceh Barat Daya;Blang Pidie,Aceh Barat Daya;A;C;Aceh Barat Daya;Nanggroe Aceh Darussalam;rs
RSUD Nagan Raya;Jl. Nasional Km.28,5 Ujung Patihah;A;C;Nagan Raya;Nanggroe Aceh Darussalam;rs
RSU Dr. Zainoel Abidin;Jl. Tgk Daud Beureueh,B Aceh;A;B;Banda Aceh;Nanggroe Aceh Darussalam;rs
Rumkit Tk III Banda Aceh;Jl. Kesehatan Banda Aceh;A;3;Banda Aceh;Nanggroe Aceh Darussalam;rs
RS Jiwa Banda Aceh;Jl. Syarief Thayeb,Banda Aceh;B;A;Banda Aceh;Nanggroe Aceh Darussalam;rs
RSU Meuraxa;Banda Aceh;A;C;Banda Aceh;Nanggroe Aceh Darussalam;rs
Rumkit Bhayangkara Banda Aceh;Jl. Cut Nyak Dhien Lamtemen No.1,Banda Aceh;A;4;Banda Aceh;Nanggroe Aceh Darussalam;rs
RSU Sabang;Jl. Teuku Umar Sabang;A;D;Sabang;Nanggroe Aceh Darussalam;rs
